INSERT INTO Setores (nome_setor, descricao_setor) VALUES
('Laboratório CNC', 'Setor responsável por usinagem computorizada'),
('Laboratório de Ajustagem', 'Setor de ajustagem mecânica e furação'),
('Laboratório de Ferramentaria', 'Manutenção e fabricação de matrizes/ferramentas'),
('Caldeiraria', 'Setor de soldagem, corte e conformação de chapas'),
('Laboratório de Manutenção II', 'Setor focado em manutenção corretiva e preventiva pesada'),
('Química', 'Análises químicas e controle de fluidos');

INSERT INTO Usuarios (nome_usuario, email_usuario, senha_hash, perfil_usuario, status_usuario, id_setor) VALUES
('Tauani', 'tauani@empresa.com', 'hash_senha_1', 'Tecnico', 'Ativo', 1),
('FelipeM', 'felipem@empresa.com', 'hash_senha_2', 'Tecnico', 'Ativo', 2),
('Henrique', 'henrique@empresa.com', 'hash_senha_3', 'Tecnico', 'Ativo', 5),
('Ana', 'ana@empresa.com', 'hash_senha_4', 'Tecnico', 'Ativo', 6),
-- Laboratório CNC (Setor 1)
('Carlos Silva', 'carlos.cnc@empresa.com', 'hash_tec_6', 'Tecnico', 'Ativo', 1),
('Marcos Souza', 'marcos.cnc@empresa.com', 'hash_tec_7', 'Tecnico', 'Ativo', 1),
('Julia Costa', 'julia.cnc@empresa.com', 'hash_tec_8', 'Tecnico', 'Ativo', 1),
('Lucas Pereira', 'lucas.cnc@empresa.com', 'hash_tec_9', 'Tecnico', 'Ativo', 1),
('Fernanda Lima', 'fernanda.cnc@empresa.com', 'hash_tec_10', 'Tecnico', 'Ativo', 1),
('Roberto Alves', 'roberto.cnc@empresa.com', 'hash_tec_11', 'Tecnico', 'Ativo', 1),
('Amanda Rocha', 'amanda.cnc@empresa.com', 'hash_tec_12', 'Tecnico', 'Ativo', 1),
('Bruno Melo', 'bruno.cnc@empresa.com', 'hash_tec_13', 'Tecnico', 'Ativo', 1),
('Camila Dias', 'camila.cnc@empresa.com', 'hash_tec_14', 'Tecnico', 'Ativo', 1),
('Diego Martins', 'diego.cnc@empresa.com', 'hash_tec_15', 'Tecnico', 'Ativo', 1),

-- Laboratório de Ajustagem (Setor 2)
('Edson Ribeiro', 'edson.aju@empresa.com', 'hash_tec_16', 'Tecnico', 'Ativo', 2),
('Fabio Santos', 'fabio.aju@empresa.com', 'hash_tec_17', 'Tecnico', 'Ativo', 2),
('Gustavo Lima', 'gustavo.aju@empresa.com', 'hash_tec_18', 'Tecnico', 'Ativo', 2),
('Igor Gomes', 'igor.aju@empresa.com', 'hash_tec_19', 'Tecnico', 'Ativo', 2),
('Juliana Ramos', 'juliana.aju@empresa.com', 'hash_tec_20', 'Tecnico', 'Ativo', 2),
('Leonardo Cruz', 'leonardo.aju@empresa.com', 'hash_tec_21', 'Tecnico', 'Inativo', 2),
('Marcelo Vieira', 'marcelo.aju@empresa.com', 'hash_tec_22', 'Tecnico', 'Ativo', 2),
('Nadia Souza', 'nadia.aju@empresa.com', 'hash_tec_23', 'Tecnico', 'Ativo', 2),
('Otavio Reis', 'otavio.aju@empresa.com', 'hash_tec_24', 'Tecnico', 'Ativo', 2),
('Patricia Cruz', 'patricia.aju@empresa.com', 'hash_tec_25', 'Tecnico', 'Ativo', 2),

-- Laboratório de Ferramentaria (Setor 3)
('Ricardo Oliveira', 'ricardo.fer@empresa.com', 'hash_tec_26', 'Tecnico', 'Inativo', 3),
('Samuel Filho', 'samuel.fer@empresa.com', 'hash_tec_27', 'Tecnico', 'Ativo', 3),
('Thiago Cardoso', 'thiago.fer@empresa.com', 'hash_tec_28', 'Tecnico', 'Ativo', 3),
('Vitor Barbosa', 'vitor.fer@empresa.com', 'hash_tec_29', 'Tecnico', 'Ativo', 3),
('Alexandre Silva', 'alexandre.fer@empresa.com', 'hash_tec_30', 'Tecnico', 'Ativo', 3),
('Daniela Nunes', 'daniela.fer@empresa.com', 'hash_tec_31', 'Tecnico', 'Ativo', 3),
('Eduardo Jorge', 'eduardo.fer@empresa.com', 'hash_tec_32', 'Tecnico', 'Ativo', 3),
('Felipe Augusto', 'felipe.fer@empresa.com', 'hash_tec_33', 'Tecnico', 'Ativo', 3),
('Gabriel Neves', 'gabriel.neves@empresa.com', 'hash_tec_34', 'Tecnico', 'Ativo', 3),
('Helena Paschoal', 'helena.fer@empresa.com', 'hash_tec_35', 'Tecnico', 'Ativo', 3),

-- Caldeiraria (Setor 4)
('Jonas Batista', 'jonas.cal@empresa.com', 'hash_tec_36', 'Tecnico', 'Ativo', 4),
('Kevin Rodrigues', 'kevin.cal@empresa.com', 'hash_tec_37', 'Tecnico', 'Ativo', 4),
('Luiz Fernando', 'luiz.cal@empresa.com', 'hash_tec_38', 'Tecnico', 'Ativo', 4),
('Mauricio Assis', 'mauricio.cal@empresa.com', 'hash_tec_39', 'Tecnico', 'Ativo', 4),
('Nelson Moura', 'nelson.cal@empresa.com', 'hash_tec_40', 'Tecnico', 'Ativo', 4),
('Orlando Neto', 'orlando.cal@empresa.com', 'hash_tec_41', 'Tecnico', 'Ativo', 4),
('Pedro Henrique', 'pedro.cal@empresa.com', 'hash_tec_42', 'Tecnico', 'Ativo', 4),
('Renan Silveira', 'renan.cal@empresa.com', 'hash_tec_43', 'Tecnico', 'Ativo', 4),
('Sandro Facchini', 'sandro.cal@empresa.com', 'hash_tec_44', 'Tecnico', 'Ativo', 4),
('William Santos', 'william.cal@empresa.com', 'hash_tec_45', 'Tecnico', 'Ativo', 4),

-- Laboratório de Manutenção II (Setor 5)
('Arthur Vinicius', 'arthur.man@empresa.com', 'hash_tec_46', 'Tecnico', 'Ativo', 5),
('Caio Cesar', 'caio.man@empresa.com', 'hash_tec_47', 'Tecnico', 'Ativo', 5),
('Douglas Pinheiro', 'douglas.man@empresa.com', 'hash_tec_48', 'Tecnico', 'Inativo', 5),
('Erick Andrade', 'erick.man@empresa.com', 'hash_tec_49', 'Tecnico', 'Ativo', 5),
('Guilherme Augusto', 'guilherme.man@empresa.com', 'hash_tec_50', 'Tecnico', 'Ativo', 5),
('Hudson Carvalho', 'hudson.man@empresa.com', 'hash_tec_51', 'Tecnico', 'Inativo', 5),
('Jean Carlos', 'jean.man@empresa.com', 'hash_tec_52', 'Tecnico', 'Ativo', 5),
('Kaique Oliveira', 'kaique.man@empresa.com', 'hash_tec_53', 'Tecnico', 'Ativo', 5),
('Leandro Prado', 'leandro.man@empresa.com', 'hash_tec_54', 'Tecnico', 'Inativo', 5),
('Murilo Benicio', 'murilo.man@empresa.com', 'hash_tec_55', 'Tecnico', 'Ativo', 5);

INSERT INTO Tecnicos (id_usuario, id_setor, email_tecnico, telefone_tecnico, data_nasc_tecnico, cargo_tecnico, nivel_experiencia, disponibilidade_tecnico) VALUES
(5, 1, 'carlos.silva@manutencao.com', '(47) 99111-0001', '1992-05-14', 'Técnico em Mecatrônica', 'Junior', 'Disponível'),
(6, 1, 'marcos.souza@manutencao.com', '(47) 99111-0002', '1988-11-23', 'Técnico em CNC', 'Pleno', 'Em Campo'),
(7, 1, 'julia.costa@manutencao.com', '(47) 99111-0003', '1995-03-02', 'Técnico Eletrônico', 'Senior', 'Disponível'),
(8, 1, 'lucas.pereira@manutencao.com', '(47) 99111-0004', '1990-07-19', 'Programador de Manutenção', 'Pleno', 'Disponível'),
(9, 1, 'fernanda.lima@manutencao.com', '(47) 99111-0005', '1983-12-30', 'Técnico de Manutenção CNC', 'Master', 'Afastado'),
(10, 1, 'roberto.alves@manutencao.com', '(47) 99111-0006', '1996-01-15', 'Mecânico de Usinagem', 'Junior', 'Férias'),
(11, 1, 'amanda.rocha@manutencao.com', '(47) 99111-0007', '1989-08-22', 'Eletricista de Manutenção', 'Pleno', 'Disponível'),
(12, 1, 'bruno.melo@manutencao.com', '(47) 99111-0008', '1986-04-11', 'Técnico Mecatrônico', 'Senior', 'Em Campo'),
(13, 1, 'camila.dias@manutencao.com', '(47) 99111-0009', '1981-09-05', 'Especialista em Fusos', 'Master', 'Afastado'),
(14, 1, 'diego.martins@manutencao.com', '(47) 99111-0010', '1998-10-25', 'Técnico de Campo CNC', 'Junior', 'Disponível'),
(15, 2, 'edson.ribeiro@manutencao.com', '(47) 99222-0011', '1991-02-17', 'Mecânico Ajustador', 'Pleno', 'Disponível'),
(16, 2, 'fabio.santos@manutencao.com', '(47) 99222-0012', '1997-06-28', 'Mecânico Industrial', 'Junior', 'Em Campo'),
(17, 2, 'gustavo.lima@manutencao.com', '(47) 99222-0013', '1985-03-14', 'Técnico de Manutenção', 'Senior', 'Disponível'),
(18, 2, 'igor.gomes@manutencao.com', '(47) 99222-0014', '1999-11-03', 'Mecânico Ajustador', 'Junior', 'Disponível'),
(19, 2, 'juliana.ramos@manutencao.com', '(47) 99222-0015', '1993-07-21', 'Técnico Mecânico', 'Pleno', 'Disponível'),
(20, 2, 'leonardo.cruz@manutencao.com', '(47) 99222-0016', '1984-05-19', 'Líder de Ajustagem', 'Senior', 'Férias'),
(21, 2, 'marcelo.vieira@manutencao.com', '(47) 99222-0017', '1996-12-08', 'Auxiliar de Mecânico', 'Junior', 'Disponível'),
(22, 2, 'nadia.souza@manutencao.com', '(47) 99222-0018', '1980-01-24', 'Inspetor de Equipamentos', 'Master', 'Disponível'),
(23, 2, 'otavio.reis@manutencao.com', '(47) 99222-0019', '1988-09-12', 'Mecânico Industrial', 'Pleno', 'Em Campo'),
(24, 2, 'patricia.cruz@manutencao.com', '(47) 99222-0020', '1987-04-05', 'Técnico Mecânico', 'Senior', 'Disponível'),
(25, 3, 'ricardo.oliveira@manutencao.com', '(47) 99333-0021', '1983-08-16', 'Ferramenteiro de Matrizes', 'Senior', 'Afastado'),
(26, 3, 'samuel.filho@manutencao.com', '(47) 99333-0022', '1990-10-22', 'Ferramenteiro de Moldes', 'Pleno', 'Disponível'),
(27, 3, 'thiago.cardoso@manutencao.com', '(47) 99333-0023', '1982-05-11', 'Técnico em Ferramentaria', 'Master', 'Em Campo'),
(28, 3, 'vitor.barbosa@manutencao.com', '(47) 99333-0024', '1998-03-19', 'Mecânico Ferramenteiro', 'Junior', 'Disponível'),
(29, 3, 'alexandre.silva@manutencao.com', '(47) 99333-0025', '1989-07-07', 'Ferramenteiro Industrial', 'Pleno', 'Disponível'),
(30, 3, 'daniela.nunes@manutencao.com', '(47) 99333-0026', '1995-12-14', 'Técnico de Matrizes', 'Junior', 'Afastado'),
(31, 3, 'eduardo.jorge@manutencao.com', '(47) 99333-0027', '1986-02-27', 'Retificador / Ferramenteiro', 'Senior', 'Disponível'),
(32, 3, 'felipe.augusto@manutencao.com', '(47) 99333-0028', '1991-04-09', 'Mecânico de Precisão', 'Pleno', 'Em Campo'),
(33, 3, 'gabriel.neves@manutencao.com', '(47) 99333-0029', '1985-06-18', 'Ferramenteiro Modelista', 'Senior', 'Afastado'),
(34, 3, 'helena.paschoal@manutencao.com', '(47) 99333-0030', '1979-11-25', 'Líder de Ferramentaria', 'Master', 'Disponível'),
(35, 4, 'jonas.batista@manutencao.com', '(47) 99444-0031', '1987-03-31', 'Soldador RX / Argonista', 'Senior', 'Afastado'),
(36, 4, 'kevin.rodrigues@manutencao.com', '(47) 99444-0032', '1992-09-14', 'Caldeireiro Industrial', 'Pleno', 'Em Campo'),
(37, 4, 'luiz.fernando@manutencao.com', '(47) 99444-0033', '1999-05-20', 'Soldador Mig/Mag', 'Junior', 'Disponível'),
(38, 4, 'mauricio.assis@manutencao.com', '(47) 99444-0034', '1981-01-12', 'Técnico em Soldagem', 'Master', 'Disponível'),
(39, 4, 'nelson.moura@manutencao.com', '(47) 99444-0035', '1990-06-25', 'Caldeireiro Montador', 'Pleno', 'Afastado'),
(40, 4, 'orlando.neto@manutencao.com', '(47) 99444-0036', '1996-11-08', 'Soldador de Manutenção', 'Junior', 'Férias'),
(41, 4, 'pedro.henrique@manutencao.com', '(47) 99444-0037', '1997-07-16', 'Operador de Jato/Pintura', 'Junior', 'Disponível'),
(42, 4, 'renan.silveira@manutencao.com', '(47) 99444-0038', '1986-02-03', 'Caldeireiro Traçador', 'Senior', 'Em Campo'),
(43, 4, 'sandro.facchini@manutencao.com', '(47) 99444-0039', '1983-12-19', 'Técnico de Inspeção de Solda', 'Senior', 'Disponível'),
(44, 4, 'william.santos@manutencao.com', '(47) 99444-0040', '1989-10-30', 'Serralheiro Industrial', 'Pleno', 'Disponível'),
(45, 5, 'arthur.vinicius@manutencao.com', '(47) 99555-0041', '1984-04-13', 'Mecânico de Manutenção Pesada', 'Senior', 'Disponível'),
(46, 5, 'caio.cesar@manutencao.com', '(47) 99555-0042', '1992-01-27', 'Técnico Hidráulico', 'Pleno', 'Em Campo'),
(47, 5, 'douglas.pinheiro@manutencao.com', '(47) 99555-0043', '1988-06-08', 'Eletricista Industrial', 'Senior', 'Afastado'),
(48, 5, 'erick.andrade@manutencao.com', '(47) 99555-0044', '1998-11-12', 'Técnico em Lubrificação', 'Junior', 'Disponível'),
(49, 5, 'guilherme.augusto@manutencao.com', '(47) 99555-0045', '1982-07-23', 'Mecânico de Pontes Rolantes', 'Master', 'Disponível'),
(50, 5, 'hudson.carvalho@manutencao.com', '(47) 99555-0046', '1991-05-19', 'Técnico de Manutenção Preventiva', 'Pleno', 'Férias'),
(51, 5, 'jean.carlos@manutencao.com', '(47) 99555-0047', '1997-03-02', 'Auxiliar de Manutenção', 'Junior', 'Disponível'),
(52, 5, 'kaique.oliveira@manutencao.com', '(47) 99555-0048', '1993-09-14', 'Eletromecânico', 'Pleno', 'Em Campo'),
(53, 5, 'leandro.prado@manutencao.com', '(47) 99555-0049', '1985-12-01', 'Mecânico de Fluídos', 'Senior', 'Afastado'),
(54, 5, 'murilo.benicio@manutencao.com', '(47) 99555-0050', '1978-08-11', 'Supervisor de Manutenção II', 'Master', 'Disponível');

INSERT INTO Modelos_Maquinas (nome_maquina, fabricante_maquina, nome_modelo, descricao_tecnica, potencia_especificacao) VALUES
('Centro de Usinagem', 'Hyundai Wia', 'I-Cut 380Ti', 'Centro de usinagem de alta velocidade', '15 kW'),
('Torno CNC', 'Hyundai', 'E 160 LA', 'Torno CNC para barramento inclinado', '11 kW'),
('Furadeira de Coluna', 'Joinville', 'Furadeira de Coluna Joinville', 'Furadeira mecânica de coluna', '2 HP'),
('Furadeira de Bancada', 'Mello', 'Furadeira de Bancada Mello', 'Furadeira de bancada para pequenos furos', '1 HP'),
('Furadeira de Bancada', 'MotoMil', 'Furadeira de Bancada MotoMil', 'Equipamento de furação hobby/oficina', '0.5 HP'),
('Furadeira de Bancada', 'Schulz', 'Furadeira de Bancada Schulz', 'Furadeira robusta para oficina', '0.75 HP'),
('Furadeira de Coluna', 'Newton', 'Furadeira de Coluna Newton', 'Furadeira industrial pesada', '3 HP'),
('Furadeira de Coluna', 'S.A Yadoya', 'Furadeira de Coluna S.A Yadoya', 'Furadeira de coluna de alta precisão', '2.5 HP'),
('Furadeira de Coluna', 'Kone', 'KM 25', 'Furadeira de coluna engrenada', '2 HP'),
('Lixadeira Combinada', 'Razi', 'Lixadeira Combinada Razi', 'Lixadeira de disco e cinta integrados', '1.5 HP'),
('Motoesmeril', 'Somar', 'Motoesmeril Somar', 'Esmeril bifásico/trifásico para desbaste', '1 HP'),
('Máquina Eletrodo Revestido', 'Sumig', 'Fox 200', 'Inversora de solda para eletrodo', '200A'),
('Máquina Mig/Mag', 'Sumig', 'HAWK 305', 'Equipamento de solda industrial MIG/MAG', '300A'),
('Jato de Granalha', 'CMV', 'GS-9075 X CMV', 'Cabine de jateamento por ar comprimido', '5 HP'),
('Furadeira de Coluna', 'Sem modelo definido', 'Padrão', 'Furadeira genérica de caldeiraria', '1.5 HP'),
('Policorte', 'Bosch', 'GCO 2000 Bosch', 'Serra rápida para cortar metais', '2000W'),
('Paleteira', 'TM2220', 'Paleteira TM2220', 'Transpalete manual hidráulico', '2.2 TON'),
('Guincho Hidráulico (girafa)', 'Guincho Hidráulico 2 TON', 'G2000', 'Guincho mecânico para movimentação de motores', '2 TON'),
('Prensa Hidraúlica', 'Prensa Hidraúlica 15 TON', 'ST', 'Prensa hidráulica tipo H', '15 TON'),
('Lavador de Peça', 'Fabricação WEG', 'Sob medida', 'Lavadora de peças por circulação de fluido', '0.5 HP');

INSERT INTO Maquinas_Ativos (tag_equipamento, id_modelo, nome_maquina, numero_serie, localizacao_maquina, tipo_manutencao_padrao, status_operacional, ultima_manutencao, id_setor) VALUES
('CNC-CU-01', 1, 'Centro de Usinagem', 'SN-CU001', 'Laboratório CNC', 'Preventiva', 'Operando', '2026-05-10', 1),
('CNC-TN-01', 2, 'Torno CNC', 'SN-TN001', 'Laboratório CNC', 'Preventiva', 'Operando', '2026-06-01', 1),
('AJU-FR-01', 3, 'Furadeira de Coluna', 'SN-FR01', 'Laboratório de Ajustagem', 'Preventiva', 'Em Manutenção', '2026-04-15', 2),
('AJU-FR-02', 4, 'Furadeira de Bancada', 'SN-FR02', 'Laboratório de Ajustagem', 'Preventiva', 'Em Manutenção', '2026-04-18', 2),
('AJU-FR-03', 5, 'Furadeira de Bancada', 'SN-FR03', 'Laboratório de Ajustagem', 'Preventiva', 'Parado', '2026-03-20', 2),
('AJU-FR-04', 6, 'Furadeira de Bancada', 'SN-FR04', 'Laboratório de Ajustagem', 'Preventiva', 'Em Manutenção', '2026-02-12', 2),
('AJU-FR-05', 6, 'Furadeira de Bancada', 'SN-FR05', 'Laboratório de Ajustagem', 'Preventiva', 'Em Manutenção', '2026-01-20', 2),
('AJU-FR-06', 7, 'Furadeira de Coluna', 'SN-FR06', 'Laboratório de Ajustagem', 'Preventiva', 'Em Manutenção', '2026-05-02', 2),
('FER-FR-01', 8, 'Furadeira de Coluna', 'SN-FER01', 'Laboratório de Ferramentaria', 'Preventiva', 'Operando', '2026-06-12', 3),
('FER-FR-02', 9, 'Furadeira de Coluna', 'SN-FER02', 'Laboratório de Ferramentaria', 'Preventiva', 'Operando', '2026-06-14', 3),
('FER-FR-03', 6, 'Furadeira de Bancada', 'SN-FER03', 'Laboratório de Ferramentaria', 'Preventiva', 'Operando', '2026-06-15', 3),
('FER-LX-01', 10, 'Lixadeira Combinada', 'SN-LX01', 'Laboratório de Ferramentaria', 'Preventiva', 'Parado', '2026-05-18', 3),
('FER-ES-01', 11, 'Motoesmeril', 'SN-ES01', 'Laboratório de Ferramentaria', 'Preventiva', 'Operando', '2026-06-11', 3),
('CAL-ER-01', 12, 'Máquina Eletrodo Revestido', 'SN-ER01', 'Caldeiraria', 'Preventiva', 'Operando', '2026-06-10', 4),
('CAL-MG-01', 13, 'Máquina Mig/Mag', 'SN-MG01', 'Caldeiraria', 'Preventiva', 'Operando', '2026-06-08', 4),
('CAL-JT-01', 14, 'Jato de Granalha', 'SN-JT01', 'Caldeiraria', 'Preventiva', 'Parado', '2026-04-22', 4),
('CAL-FR-01', 15, 'Furadeira de Coluna', 'SN-CALFR01', 'Caldeiraria', 'Preventiva', 'Operando', '2026-05-25', 4),
('CAL-PC-01', 16, 'Policorte', 'SN-PC01', 'Caldeiraria', 'Preventiva', 'Operando', '2026-06-13', 4),
('MAN-JC-01', 17, 'Paleteira', 'SN-JC01', 'Laboratório de Manutenção II', 'Preventiva', 'Em Manutenção', '2026-03-01', 5),
('MAN-JC-02', 17, 'Paleteira', 'SN-JC02', 'Laboratório de Manutenção II', 'Preventiva', 'Em Manutenção', '2026-03-05', 5),
('MAN-GH-01', 18, 'Guincho Hidráulico (girafa)', 'SN-GH01', 'Laboratório de Manutenção II', 'Preventiva', 'Operando', '2026-06-02', 5),
('MAN-PR-01', 19, 'Prensa Hidraúlica', 'SN-PR01', 'Laboratório de Manutenção II', 'Preventiva', 'Operando', '2026-06-04', 5),
('MAN-ES-02', 11, 'Motoesmeril', 'SN-ES02', 'Laboratório de Manutenção II', 'Preventiva', 'Operando', '2026-06-11', 5),
('MAN-LV-01', 20, 'Lavador de Peça', 'SN-LV01', 'Laboratório de Manutenção II', 'Preventiva', 'Parado', '2026-02-10', 5);

INSERT INTO Almoxarifado_Pecas (nome_peca, quantidade_estoque, unidade_medida, custo_unitario) VALUES
('Béquer', 102, 'Unidade', 15.50),
('Balão volumétrico', 77, 'Unidade', 45.00),
('Erlenmeyer', 59, 'Unidade', 22.30),
('Tubo conectante', 8, 'Unidade', 12.00),
('Funil de cerâmica', 10, 'Unidade', 35.00),
('Funil de vidro', 14, 'Unidade', 18.00),
('Funil de separação', 8, 'Unidade', 65.00),
('Pipeta', 60, 'Unidade', 9.50),
('Proveta', 49, 'Unidade', 28.00),
('Motor W22 Plus (carcaça 63)', 6, 'Unidade', 450.00),
('Motor W22 Premium (carcaça 71)', 3, 'Unidade', 620.00),
('Motor W22 Premium (carcaça 80)', 1, 'Unidade', 850.00),
('Motor W21 (carcaça Alú 90S/L)', 1, 'Unidade', 780.00),
('Motor W22 Premium Carcaça (250S/M)', 1, 'Unidade', 3200.00),
('Motor W22 Premium Carcaça (132S)', 1, 'Unidade', 1450.00),
('Tarugo de bronze', 5, 'Unidade', 120.00),
('Macho máquina', 13, 'Unidade', 45.00),
('Macho manual', 6, 'Unidade', 35.00);

INSERT INTO Almoxarifado_Ferramentas (nome_ferramenta, status_ferramenta) VALUES
('Paquímetro', 'Disponível'),
('Fita métrica 50m', 'Disponível'),
('Micrômetro', 'Disponível'),
('Nível de precisão', 'Disponível'),
('Régua 500mm', 'Disponível'),
('Trena 5m', 'Disponível'),
('Aquecedor indutivo de rolamento portátil', 'Disponível'),
('Rebitador', 'Disponível'),
('Macho', 'Disponível'),
('Pincel', 'Disponível'),
('Borda plástica', 'Disponível'),
('Calibrador de folga', 'Disponível'),
('Ocrílico (Acrílico)', 'Disponível'),
('Verificador de planeza', 'Disponível'),
('Verificador de raio', 'Disponível'),
('Lima triangular murça', 'Disponível'),
('Lima triangular bastarda', 'Disponível'),
('Caixa de broca', 'Disponível'),
('Serra copo', 'Disponível'),
('Furadeira diversas', 'Disponível'),
('Jogo de chaves Allen (mm)', 'Disponível'),
('Jogo de chaves Allen (pol)', 'Disponível'),
('Chave Allen em T', 'Disponível'),
('Chave Torx em T', 'Disponível'),
('Chave Grifo', 'Disponível'),
('Chave canhão', 'Disponível'),
('Chave Phillips', 'Disponível'),
('Chave de Fenda', 'Disponível'),
('Chave biela', 'Disponível'),
('Alicate para anéis externo', 'Disponível'),
('Eixo padrões', 'Disponível'),
('Morsa', 'Disponível');

INSERT INTO Matriz_Riscos_EPI (risco_nr01, epis_obrigatorios) VALUES
('Mecânico / Projeção de Partículas', 'Óculos de proteção, Protetor auricular, Bota de segurança'),
('Químico / Manuseio de Produtos', 'Luvas nitrílicas, Óculos ampla visão, Avental impermeável'),
('Ergonômico / Movimentação de Carga', 'Cinta ergonômica, Sapato de segurança com biqueira'),
('Físico / Ruído e Vibração', 'Abafador de ruído tipo concha, Luvas antivibração'),
('Elétrico / Alta Tensão e Choque', 'Luvas isolantes de borracha, Sapato de segurança sem componentes metálicos, Protetor facial contra arco elétrico'),
('Térmico / Altas Temperaturas', 'Luva de raspa de couro, Avental de raspa, Perneira de raspa'),
('Radiação Não Ionizante / Soldagem', 'Máscara de solda com filtro de escurecimento automático, Blusão de raspa, Luva de vaqueta para soldador');

INSERT INTO Ordens_Servico (id_os, tag_equipamento, descricao_falha, data_abertura, hh_inicio, hh_fim, status_os, id_tecnico_responsavel) VALUES
(1001, 'AJU-FR-03', 'Desnivelamento da mesa, mandril solto e folga no eixo do mandril.', '2026-06-15', '08:00:00', NULL, 'Em andamento', 2),
(1002, 'MAN-JC-01', 'Vazamento na parte hidráulica e garfos descendo sozinhos.', '2026-06-16', '09:30:00', NULL, 'Em andamento', 3),
(1003, 'MAN-LV-01', 'A estrutura da grade possui um furo na solda, não sai fluido e máquina não liga.', '2026-06-17', '13:00:00', '17:00:00', 'Concluído', 3),
(1004, 'FER-LX-01', 'Lixadeira está com desalinhamento nas polias.', '2026-06-18', '07:45:00', NULL, 'Aberto', 1),
(1005, 'CAL-JT-01', 'Quebra do fecho do engate rápido.', '2026-06-19', '10:00:00', '11:30:00', 'Concluído', 2),
(1006, 'CNC-CU-01', 'Ruído excessivo no fuso (spindle) em altas rotações.', '2026-06-20', '08:00:00', '12:00:00', 'Concluído', 1),
(1007, 'AJU-FR-01', 'Motor superaquecendo após 15 minutos de uso contínuo.', '2026-06-20', '14:00:00', NULL, 'Em andamento', 2),
(1008, 'CAL-MG-01', 'Alimentador de arame travando intermitentemente durante a soldagem.', '2026-06-21', '09:00:00', '11:15:00', 'Concluído', 2),
(1009, 'MAN-GH-01', 'Gatilho de alívio da pressão hidráulica travado.', '2026-06-22', '10:30:00', NULL, 'Aberto', 3),
(1010, 'AJU-FR-04', 'Chave liga/desliga com mau contato elétrico.', '2026-06-22', '15:45:00', NULL, 'Aberto', 2),
(1011, 'CNC-TN-01', 'Vazamento de fluido refrigerante na base da máquina.', '2026-06-23', '08:30:00', '10:45:00', 'Concluído', 1),
(1012, 'AJU-FR-02', 'Substituição preventiva do rolamento do eixo principal.', '2026-06-24', '07:30:00', '11:30:00', 'Concluído', 2);

INSERT INTO OS_Materiais (id_os, id_peca, quantidade_utilizada) VALUES
(1002, 16, 1), 
(1003, 17, 1),
(1006, 10, 1), 
(1007, 11, 1), 
(1008, 17, 2),
(1011, 4, 3),  
(1012, 16, 1); 

INSERT INTO OS_Ferramentas (id_os, id_ferramenta) VALUES
(1001, 1),  
(1001, 12), 
(1002, 25), 
(1003, 9),
(1006, 3), 
(1006, 7), 
(1007, 21), 
(1008, 32), 
(1009, 25), 
(1011, 28), 
(1012, 1), 
(1012, 12); 

INSERT INTO OS_Seguranca (id_os, id_risco) VALUES
(1001, 1), 
(1002, 3), 
(1003, 2), 
(1004, 4),
(1006, 1), 
(1007, 5),
(1008, 7), 
(1009, 3), 
(1010, 5),
(1011, 2),
(1012, 1); 

INSERT INTO Movimentacao_Ferramentas (
    id_ferramenta, id_os, id_solicitante, id_entregador, data_retirada, data_devolucao_prevista, data_devolucao_real, status_movimentacao, observacoes
) VALUES
(1, 1001, 2, 8, '2026-06-15 08:05:00', '2026-06-15 17:00:00', NULL, 'Em Uso', 
 'Retirado por FelipeM para medição da folga do eixo do mandril.'),
(12, 1001, 2, 9, '2026-06-15 09:15:00', '2026-06-15 12:00:00', '2026-06-15 11:50:00', 'Devolvido', 
 'Utilizado na checagem do desnivelamento da mesa de ajustagem.'),
(26, 1002, 3, 9, '2026-06-16 09:40:00', '2026-06-16 16:00:00', NULL, 'Em Uso', 
 'Retirada para remoção da carenagem da bomba hidráulica.'),
(9, 1003, 3, 8, '2026-06-17 13:10:00', '2026-06-17 16:30:00', '2026-06-17 16:15:00', 'Devolvido', 
 'Utilizado para recuperar a rosca do furo da grade de fluidos.'),
(4, 1004, 15, NULL, NULL, '2026-06-26 08:00:00', NULL, 'Solicitado', 
 'Reserva programada no PCP para o alinhamento preventivo das polias.'),
(21, 1005, 16, 4, '2026-06-19 10:05:00', '2026-06-19 11:30:00', '2026-06-19 11:25:00', 'Devolvido', 
 'Troca rápida do fecho danificado da granalha concluída.'),
(3, 1006, 17, 4, '2026-06-20 08:15:00', '2026-06-20 11:30:00', '2026-06-20 11:45:00', 'Devolvido', 
 'Medição de excentricidade do fuso realizada com sucesso.'),
(6, 1007, 17, 4, '2026-06-20 14:10:00', '2026-06-20 17:00:00', NULL, 'Atrasado', 
 'O prazo de devolução expirou. Alerta emitido para o Laboratório de Ajustagem.'),
(32, 1008, 17, 4, '2026-06-21 09:10:00', '2026-06-21 11:15:00', '2026-06-21 11:00:00', 'Devolvido', 
 'Fixação temporária do guia de arame para soldagem em bancada.'),
(27, 1011, 14, 4, '2026-06-23 08:35:00', '2026-06-23 10:30:00', '2026-06-23 10:20:00', 'Devolvido', 
 'Abertura das calhas de proteção de fluido refrigerante.');