INSERT INTO Setores (id_setor, nome_setor, descricao_setor) VALUES
(1, 'Laboratório CNC', 'Setor responsável por usinagem computorizada'),
(2, 'Laboratório de Ajustagem', 'Setor de ajustagem mecânica e furação'),
(3, 'Laboratório de Ferramentaria', 'Manutenção e fabricação de matrizes/ferramentas'),
(4, 'Caldeiraria', 'Setor de soldagem, corte e conformação de chapas'),
(5, 'Laboratório de Manutenção', 'Setor focado em manutenção corretiva e preventiva pesada'),
(6, 'Química', 'Análises químicas e controle de fluidos');

INSERT INTO Usuarios (nome_usuario, email_usuario, senha, cargo_usuario, status_usuario, nivel_experiencia, disponibilidade_tecnico, telefone_usuario, data_nasc_usuario, id_setor) VALUES
('Tauani', 'tauani@empresa.com', SHA('kL9vN2mX7pQ4wE1b'), 'CEO', 'Ativo', 'Junior', 'Disponível', '(11) 999990044', '1985-03-15', 1),
('FelipeM', 'felipem@empresa.com', SHA('rT5yH8nC3mX9pL2v'), 'Diretor', 'Ativo', 'Junior', 'Disponível', '(11) 999990022', '1988-08-22', 2),
('Henrique', 'henrique@empresa.com', SHA('B4vN1mK8pL6qW3xC'), 'Gerente', 'Ativo', 'Junior', 'Disponível', '(11) 999990033', '1992-11-05', 3),
('Ana', 'ana@empresa.com', SHA('Z7pQ2wE5nR9tY4uI'), 'Coordenador', 'Ativo', 'Junior', 'Disponível', '(11) 999990011', '1995-06-30', 4),
('Carlos Eduardo Silva', 'carlos.silva@empresa.com', SHA('mX3pL8vN5qW1bC7z'), 'Supervisor', 'Ativo', 'Junior', 'Disponível', '(11) 99111-0001', '1975-04-12', 1),
('Mariana Costa Medeiros', 'mariana.costa@empresa.com', SHA('H6nC2mX9pL4vN8qW'), 'Tecnico', 'Ativo', 'Junior', 'Disponível', '(11) 99111-0002', '1980-08-22', 1),
('Roberto Antunes Prado', 'roberto.prado@empresa.com', SHA('pL1vN7qW3bC9zM5k'), 'Tecnico', 'Ativo', 'Junior', 'Disponível', '(11) 99111-0003', '1978-11-05', 1),
('Letícia Guimarães Rocha', 'leticia.rocha@empresa.com', SHA('qW8bC4zM1kL6vN3m'), 'Tecnico', 'Ativo', 'Junior', 'Disponível', '(11) 99111-0004', '1983-01-30', 1),
('Ricardo Fontes Aguiar', 'ricardo.aguiar@empresa.com', SHA('vN2mX7pQ5wE9bC4z'), 'Tecnico', 'Ativo', 'Junior', 'Disponível', '(11) 99111-0005', '1985-06-14', 1),
('Beatriz Neves Camargo', 'beatriz.camargo@empresa.com', SHA('C5zM1kL8vN3mX7pQ'), 'Tecnico', 'Ativo', 'Junior', 'Disponível', '(11) 99111-0006', '1988-09-19', 1),
('Arthur Melo Peixoto', 'arthur.peixoto@empresa.com', SHA('wE9bC4zM2kL7vN1m'), 'Tecnico', 'Ativo', 'Junior', 'Disponível', '(11) 99111-0007', '1990-03-25', 1),
('Daniela Ortiz Bueno', 'daniela.bueno@empresa.com', SHA('kL6vN3mX8pQ2wE5b'), 'Tecnico', 'Inativo', 'Junior', 'Disponível','(11) 99111-0008', '1981-07-12', 1),
('Gustavo Borges Werneck', 'gustavo.werneck@empresa.com', SHA('pQ4wE1bC9zM5kL8v'), 'Tecnico', 'Ativo', 'Junior', 'Disponível', '(11) 99111-0009', '1984-12-01', 1),
('Helena Schimidt Luz', 'helena.luz@empresa.com', SHA('zM2kL7vN1mX6pQ3w'), 'Tecnico', 'Ativo', 'Junior', 'Disponível', '(11) 99111-0010', '1987-05-18', 1),
('Sérgio Moro Malta', 'sergio.malta@empresa.com', SHA('X7pQ5wE9bC4zM1kL'), 'Tecnico', 'Ativo', 'Junior', 'Disponível', '(11) 99111-0011', '1973-10-27', 1),
('Patrícia Pillar Lins', 'patricia.lins@empresa.com', SHA('bC9zM5kL8vN2mX7p'), 'Tecnico', 'Ativo', 'Junior', 'Disponível', '(11) 99111-0012', '1982-02-11', 1),
('Fabio Assunção Reis', 'fabio.reis@empresa.com', SHA('vN3mX8pQ2wE6bC4z'), 'Tecnico', 'Ativo', 'Junior', 'Disponível', '(11) 99111-0013', '1986-04-09', 1),
('Isabela Freitas Ross', 'isabela.ross@empresa.com', SHA('Q2wE6bC4zM9kL5vN'), 'Tecnico', 'Ativo', 'Junior', 'Disponível', '(11) 99111-0014', '1991-08-14', 1),
('Henrique Fogaça Neto', 'henrique.fogaca@empresa.com', SHA('mX7pQ5wE1bC8zM3k'), 'Tecnico', 'Ativo', 'Junior', 'Disponível', '(11) 99111-0015', '1989-11-23', 1),
('Caroline Bittencourt', 'caroline.b@empresa.com', SHA('E1bC8zM3kL6vN9mX'), 'Tecnico', 'Ativo', 'Junior', 'Disponível', '(11) 99111-0016', '1985-03-04', 1),
('Thiago Lacerda Brandão', 'thiago.brandao@empresa.com', SHA('L6vN9mX4pQ2wE7bC'), 'Tecnico', 'Ativo', 'Junior', 'Disponível', '(11) 99111-0017', '1983-09-17', 1),
('Renata Vasconcellos', 'renata.v@empresa.com', SHA('pQ2wE7bC5zM1kL8v'), 'Tecnico', 'Ativo', 'Junior', 'Disponível', '(11) 99111-0018', '1980-06-30', 1),
('Alexandre Nero Alves', 'alexandre.nero@empresa.com', SHA('C5zM1kL8vN3mX9pQ'), 'Tecnico', 'Inativo', 'Junior', 'Disponível', '(11) 99111-0019', '1977-01-15', 1),
('Amanda Costa Moura', 'amanda.moura@empresa.com', SHA('vN3mX9pQ4wE2bC7z'), 'Tecnico', 'Ativo', 'Junior', 'Disponível', '(11) 99111-0020', '1993-12-05', 1),
('Marcos Roberto Souza', 'marcos.souza@empresa.com', SHA('wE2bC7zM5kL1vN8m'), 'Supervisor', 'Ativo', 'Junior', 'Disponível', '(11) 99222-0001', '1988-05-10', 2),
('Rodrigo Alves Ferreira', 'rodrigo.ferreira@empresa.com', SHA('M5kL1vN8mX6pQ3wE'), 'Tecnico', 'Ativo', 'Junior', 'Disponível', '(11) 99222-0002', '1992-09-15', 2),
('Marcelo Augusto Lima', 'marcelo.lima@empresa.com', SHA('mX6pQ3wE9bC4zM2k'), 'Tecnico', 'Ativo', 'Junior', 'Disponível', '(11) 99222-0003', '1985-02-28', 2),
('André Luiz Castro', 'andre.castro@empresa.com', SHA('E9bC4zM2kL7vN1mX'), 'Tecnico', 'Ativo', 'Junior', 'Disponível', '(11) 99222-0004', '1980-07-14', 2),
('Bruno Cezar Dias', 'bruno.dias@empresa.com', SHA('L7vN1mX8pQ5wE3bC'), 'Tecnico', 'Ativo', 'Junior', 'Disponível', '(11) 99222-0005', '1995-11-20', 2),
('Jefferson Santos Melo', 'jefferson.melo@empresa.com', SHA('pQ5wE3bC9zM4kL6v'), 'Tecnico', 'Inativo', 'Junior', 'Disponível', '(11) 99222-0006', '1990-04-03', 2),
('Luciano Huck Barbosa', 'luciano.barbosa@empresa.com', SHA('C9zM4kL6vN2mX7pQ'), 'Tecnico', 'Ativo', 'Junior', 'Disponível', '(11) 99222-0007', '1983-10-12', 2),
('Wesley Safadão Silva', 'wesley.silva@empresa.com', SHA('vN2mX7pQ1wE8bC5z'), 'Tecnico', 'Ativo', 'Junior', 'Disponível', '(11) 99222-0008', '1994-06-25', 2),
('Alexandre Pires Reis', 'alexandre.pires@empresa.com', SHA('wE8bC5zM3kL9vN4m'), 'Tecnico', 'Ativo', 'Junior', 'Disponível', '(11) 99222-0009', '1987-01-18', 2),
('Leandro Leonardo Costa', 'leandro.costa@empresa.com', SHA('M3kL9vN4mX2pQ6wE'), 'Tecnico', 'Ativo', 'Junior', 'Disponível', '(11) 99222-0010', '1979-12-30', 2),
('Douglas Costa Zan', 'douglas.zan@empresa.com', SHA('mX2pQ6wE7bC1zM8k'), 'Tecnico', 'Ativo', 'Junior', 'Disponível', '(11) 99222-0011', '1991-03-22', 2),
('Claudio Roberto Cruz', 'claudio.cruz@empresa.com', SHA('E7bC1zM8kL5vN3mX'), 'Tecnico', 'Ativo', 'Junior', 'Disponível', '(11) 99222-0012', '1986-08-07', 2),
('Rogerio Ceni Matos', 'rogerio.matos@empresa.com', SHA('L5vN3mX9pQ4wE2bC'), 'Tecnico', 'Ativo', 'Junior', 'Disponível', '(11) 99222-0013', '1976-02-14', 2),
('Denis Alencar Viana', 'denis.viana@empresa.com', SHA('pQ4wE2bC8zM6kL1v'), 'Tecnico', 'Ativo', 'Junior', 'Disponível', '(11) 99222-0014', '1993-07-19', 2),
('Muricy Ramalho Paiva', 'muricy.paiva@empresa.com', SHA('C8zM6kL1vN7mX5pQ'), 'Tecnico', 'Ativo', 'Junior', 'Disponível', '(11) 99222-0015', '1965-05-04', 2),
('Jorge Jesus Nazário', 'jorge.nazario@empresa.com', SHA('vN7mX5pQ3wE9bC4z'), 'Tecnico', 'Ativo', 'Junior', 'Disponível', '(11) 99222-0016', '1970-09-29', 2),
('Abel Ferreira Santos', 'abel.santos@empresa.com', SHA('wE9bC4zM2kL8vN6m'), 'Tecnico', 'Ativo', 'Junior', 'Disponível', '(11) 99222-0017', '1982-12-22', 2),
('Vanderlei Luxemburgo', 'vanderlei.l@empresa.com', SHA('M2kL8vN6mX1pQ7wE'), 'Tecnico', 'Inativo', 'Junior', 'Disponível', '(11) 99222-0018', '1960-03-11', 2),
('Tite Leonardo Bacchi', 'tite.bacchi@empresa.com', SHA('mX1pQ7wE5bC3zM9k'), 'Tecnico', 'Ativo', 'Junior', 'Disponível', '(11) 99222-0019', '1968-10-05', 2),
('Renato Portaluppi Gaúcho', 'renato.gaucho@empresa.com', SHA('E5bC3zM9kL4vN2mX'), 'Tecnico', 'Ativo', 'Junior', 'Disponível', '(11) 99222-0020', '1972-04-17', 2),
('Pedro Henrique Rocha', 'pedro.rocha@empresa.com', SHA('L4vN2mX8pQ6wE1bC'), 'Supervisor', 'Ativo', 'Junior', 'Disponível', '(11) 99333-0001', '1990-01-12', 3),
('Lucas Gabriel Santos', 'lucas.santos@empresa.com', SHA('pQ6wE1bC7zM5kL3v'), 'Tecnico', 'Ativo', 'Junior', 'Disponível', '(11) 99333-0002', '1993-06-22', 3),
('Matheus Oliveira Lima', 'matheus.oliveira@empresa.com', SHA('C7zM5kL3vN9mX4pQ'), 'Tecnico', 'Ativo', 'Junior', 'Disponível', '(11) 99333-0003', '1996-10-05', 3),
('Guilherme Augusto Reis', 'guilherme.reis@empresa.com', SHA('vN9mX4pQ2wE8bC6z'), 'Tecnico', 'Ativo', 'Junior', 'Disponível', '(11) 99333-0004', '1989-03-14', 3),
('Thiago Henrique Ramos', 'thiago.ramos@empresa.com', SHA('wE8bC6zM1kL7vN5m'), 'Tecnico', 'Ativo', 'Junior', 'Disponível', '(11) 99333-0005', '1984-07-29', 3),
('Gabriel Vinicius Rosa', 'gabriel.rosa@empresa.com', SHA('M1kL7vN5mX3pQ9wE'), 'Tecnico', 'Ativo', 'Junior', 'Disponível', '(11) 99333-0006', '1998-12-03', 3),
('Felipe Dylon Marques', 'felipe.marques@empresa.com', SHA('mX3pQ9wE4bC2zM8k'), 'Tecnico', 'Inativo', 'Junior', 'Disponível', '(11) 99333-0007', '1991-02-18', 3),
('Caio Castro Nogueira', 'caio.nogueira@empresa.com', SHA('E4bC2zM8kL6vN1mX'), 'Tecnico', 'Ativo', 'Junior', 'Disponível', '(11) 99333-0008', '1992-08-24', 3),
('Nicolas Prattes Lima', 'nicolas.lima@empresa.com', SHA('L6vN1mX7pQ5wE3bC'), 'Tecnico', 'Ativo', 'Junior', 'Disponível', '(11) 99333-0009', '1995-05-11', 3),
('Arthur Aguiar Cruz', 'arthur.cruz@empresa.com', SHA('pQ5wE3bC9zM4kL2v'), 'Tecnico', 'Ativo', 'Junior', 'Disponível', '(11) 99333-0010', '1987-11-30', 3),
('Daniel Rocha Azevedo', 'daniel.azevedo@empresa.com', SHA('C9zM4kL2vN8mX6pQ'), 'Tecnico', 'Ativo', 'Junior', 'Disponível', '(11) 99333-0011', '1988-04-04', 3),
('Chay Suede Guimarães', 'chay.guimaraes@empresa.com', SHA('vN8mX6pQ1wE7bC5z'), 'Tecnico', 'Ativo', 'Junior', 'Disponível', '(11) 99333-0012', '1993-09-09', 3),
('Rômulo Estrela Neto', 'romulo.estrela@empresa.com', SHA('wE7bC5zM3kL9vN4m'), 'Tecnico', 'Ativo', 'Junior', 'Disponível', '(11) 99333-0013', '1982-03-17', 3),
('Klebber Toledo Filho', 'klebber.toledo@empresa.com', SHA('M3kL9vN4mX2pQ8wE'), 'Tecnico', 'Ativo', 'Junior', 'Disponível', '(11) 99333-0014', '1986-06-21', 3),
('Cauã Reymond Marques', 'caua.marques@empresa.com', SHA('mX2pQ8wE6bC1zM7k'), 'Tecnico', 'Ativo', 'Junior', 'Disponível', '(11) 99333-0015', '1981-05-20', 3),
('Rafael Cardoso Souza', 'rafael.cardoso@empresa.com', SHA('E6bC1zM7kL5vN3mX'), 'Tecnico', 'Ativo', 'Junior', 'Disponível', '(11) 99333-0016', '1985-11-12', 3),
('Rodrigo Lombardi Ramos', 'rodrigo.lombardi@empresa.com', SHA('L5vN3mX9pQ4wE2bC'), 'Tecnico', 'Ativo', 'Junior', 'Disponível', '(11) 99333-0017', '1979-10-15', 3),
('Murilo Benício Ribeiro', 'murilo.ribeiro@empresa.com', SHA('pQ4wE2bC8zM6kL1v'), 'Tecnico', 'Inativo', 'Junior', 'Disponível', '(11) 99333-0018', '1975-07-13', 3),
('Reynaldo Gianecchini', 'reynaldo.g@empresa.com', SHA('C8zM6kL1vN7mX5pQ'), 'Tecnico', 'Ativo', 'Junior', 'Disponível', '(11) 99333-0019', '1972-11-12', 3),
('Tony Ramos Leal', 'tony.ramos@empresa.com', SHA('vN7mX5pQ3wE9bC4z'), 'Tecnico', 'Ativo', 'Junior', 'Disponível', '(11) 99333-0020', '1955-08-25', 3),
('Linus Torvalds Souza', 'linus.torvalds@empresa.com', SHA('wE9bC4zM2kL8vN6m'), 'Supervisor', 'Ativo', 'Junior', 'Disponível', '(11) 99444-0001', '1970-12-28', 4),
('Alan Turing Santos', 'alan.turing@empresa.com', SHA('M2kL8vN6mX1pQ7wE'), 'Tecnico', 'Ativo', 'Junior', 'Disponível', '(11) 99444-0002', '1952-06-23', 4),
('Bill Gates Cardoso', 'bill.gates@empresa.com', SHA('mX1pQ7wE5bC3zM9k'), 'Tecnico', 'Ativo', 'Junior', 'Disponível', '(11) 99444-0003', '1955-10-28', 4),
('Steve Jobs Pereira', 'steve.jobs@empresa.com', SHA('E5bC3zM9kL4vN2mX'), 'Tecnico', 'Ativo', 'Junior', 'Disponível', '(11) 99444-0004', '1955-02-24', 4),
('Ada Lovelace Costa', 'ada.lovelace@empresa.com', SHA('L4vN2mX8pQ6wE1bC'), 'Tecnico', 'Ativo', 'Junior', 'Disponível', '(11) 99444-0005', '1945-12-10', 4),
('Grace Hopper Silva', 'grace.hopper@empresa.com', SHA('pQ6wE1bC7zM5kL3v'), 'Tecnico', 'Ativo', 'Junior', 'Disponível', '(11) 99444-0006', '1950-12-09', 4),
('Tim Berners Lee', 'tim.lee@empresa.com', SHA('C7zM5kL3vN9mX4pQ'), 'Tecnico', 'Ativo', 'Junior', 'Disponível', '(11) 99444-0007', '1965-06-08', 4),
('Mark Zuckerberg Melo', 'mark.zuck@empresa.com', SHA('vN9mX4pQ2wE8bC6z'), 'Tecnico', 'Inativo', 'Junior', 'Disponível', '(11) 99444-0008', '1984-05-14', 4),
('Elon Musk Alencar', 'elon.musk@empresa.com', SHA('wE8bC6zM1kL7vN5m'), 'Tecnico', 'Ativo', 'Junior', 'Disponível', '(11) 99444-0009', '1971-06-28', 4),
('Jeff Bezos Antunes', 'jeff.bezos@empresa.com', SHA('M1kL7vN5mX3pQ9wE'), 'Tecnico', 'Ativo', 'Junior', 'Disponível', '(11) 99444-0010', '1964-01-12', 4),
('Satya Nadella Cruz', 'satya.nadella@empresa.com', SHA('mX3pQ9wE4bC2zM8k'), 'Tecnico', 'Ativo', 'Junior', 'Disponível', '(11) 99444-0011', '1967-08-19', 4),
('Sundar Pichai Lima', 'sundar.pichai@empresa.com', SHA('E4bC2zM8kL6vN1mX'), 'Tecnico', 'Ativo', 'Junior', 'Disponível', '(11) 99444-0012', '1972-07-12', 4),
('Richard Stallman Reis', 'richard.stallman@empresa.com', SHA('L6vN1mX7pQ5wE3bC'), 'Tecnico', 'Ativo', 'Junior', 'Disponível', '(11) 99444-0013', '1953-03-16', 4),
('Dennis Ritchie Viana', 'dennis.ritchie@empresa.com', SHA('pQ5wE3bC9zM4kL2v'), 'Tecnico', 'Ativo', 'Junior', 'Disponível', '(11) 99444-0014', '1941-09-09', 4),
('Ken Thompson Matos', 'ken.thompson@empresa.com', SHA('C9zM4kL2vN8mX6pQ'), 'Tecnico', 'Ativo', 'Junior', 'Disponível', '(11) 99444-0015', '1943-02-04', 4),
('Bjarne Stroustrup', 'bjarne.s@empresa.com', SHA('vN8mX6pQ1wE7bC5z'), 'Tecnico', 'Ativo', 'Junior', 'Disponível', '(11) 99444-0016', '1950-12-30', 4),
('James Gosling Filho', 'james.gosling@empresa.com', SHA('wE7bC5zM3kL9vN4m'), 'Tecnico', 'Ativo', 'Junior', 'Disponível', '(11) 99444-0017', '1955-05-19', 4),
('Guido Van Rossum', 'guido.rossum@empresa.com', SHA('M3kL9vN4mX2pQ8wE'), 'Tecnico', 'Inativo', 'Junior', 'Disponível', '(11) 99444-0018', '1956-01-31', 4),
('Brendan Eich Santos', 'brendan.eich@empresa.com', SHA('mX2pQ8wE6bC1zM7k'), 'Tecnico', 'Ativo', 'Junior', 'Disponível', '(11) 99444-0019', '1961-07-04', 4),
('Rasmus Lerdorf Neto', 'rasmus.lerdorf@empresa.com', SHA('E6bC1zM7kL5vN3mX'), 'Tecnico', 'Ativo', 'Junior', 'Disponível', '(11) 99444-0020', '1968-11-22', 4),
('Juliana Paes Fontes', 'juliana.paes@empresa.com', SHA('L5vN3mX9pQ4wE2bC'), 'Supervisor', 'Ativo', 'Junior', 'Disponível', '(11) 99555-0001', '1979-03-26', 5),
('Paolla Oliveira Dias', 'paolla.oliveira@empresa.com', SHA('pQ4wE2bC8zM6kL1v'), 'Tecnico', 'Ativo', 'Junior', 'Disponível', '(11) 99555-0002', '1982-04-14', 5),
('Marina Ruy Barbosa', 'marina.ruy@empresa.com', SHA('C8zM6kL1vN7mX5pQ'), 'Tecnico', 'Ativo', 'Junior', 'Disponível', '(11) 99555-0003', '1995-06-30', 5),
('Bruna Marquezine Rosa', 'bruna.marq@empresa.com', SHA('vN7mX5pQ3wE9bC4z'), 'Tecnico', 'Ativo', 'Junior', 'Disponível', '(11) 99555-0004', '1995-08-04', 5),
('Grazi Massafera Melo', 'grazi.massafera@empresa.com', SHA('wE9bC4zM2kL8vN6m'), 'Tecnico', 'Ativo', 'Junior', 'Disponível', '(11) 99555-0005', '1982-06-28', 5),
('Isis Valverde Ramos', 'isis.valverde@empresa.com', SHA('M2kL8vN6mX1pQ7wE'), 'Tecnico', 'Ativo', 'Junior', 'Disponível', '(11) 99555-0006', '1987-02-17', 5),
('Deborah Secco Prado', 'deborah.secco@empresa.com', SHA('mX1pQ7wE5bC3zM9k'), 'Tecnico', 'Inativo', 'Junior', 'Disponível', '(11) 99555-0007', '1979-11-26', 5),
('Giovanna Antonelli', 'giovanna.anto@empresa.com', SHA('E5bC3zM9kL4vN2mX'), 'Tecnico', 'Ativo', 'Junior', 'Disponível', '(11) 99555-0008', '1976-03-18', 5),
('Taís Araújo Ramos', 'tais.araujo@empresa.com', SHA('L4vN2mX8pQ6wE1bC'), 'Tecnico', 'Ativo', 'Junior', 'Disponível', '(11) 99555-0009', '1978-11-25', 5),
('Camila Pitanga Lins', 'camila.pitanga@empresa.com', SHA('pQ6wE1bC7zM5kL3v'), 'Tecnico', 'Ativo', 'Junior', 'Disponível', '(11) 99555-0010', '1977-06-14', 5),
('Alinne Moraes Castro', 'alinne.moraes@empresa.com', SHA('C7zM5kL3vN9mX4pQ'), 'Tecnico', 'Ativo', 'Junior', 'Disponível', '(11) 99555-0011', '1982-12-22', 5),
('Vitória Strada Costa', 'vitoria.strada@empresa.com', SHA('vN9mX4pQ2wE8bC6z'), 'Tecnico', 'Ativo', 'Junior', 'Disponível', '(11) 99555-0012', '1996-10-12', 5),
('Alice Wegmann Melo', 'alice.wegmann@empresa.com', SHA('wE8bC6zM1kL7vN5m'), 'Tecnico', 'Ativo', 'Junior', 'Disponível', '(11) 99555-0013', '1995-11-03', 5),
('Nanda Costa Marques', 'nanda.costa@empresa.com', SHA('M1kL7vN5mX3pQ9wE'), 'Tecnico', 'Ativo', 'Junior', 'Disponível', '(11) 99555-0014', '1986-09-24', 5),
('Letícia Colin Rocha', 'leticia.colin@empresa.com', SHA('mX3pQ9wE4bC2zM8k'), 'Tecnico', 'Ativo', 'Junior', 'Disponível', '(11) 99555-0015', '1989-12-30', 5),
('Sophie Charlotte Ross', 'sophie.c@empresa.com', SHA('E4bC2zM8kL6vN1mX'), 'Tecnico', 'Ativo', 'Junior', 'Disponível', '(11) 99555-0016', '1989-04-29', 5),
('Nathalia Dill Alencar', 'nathalia.dill@empresa.com', SHA('L6vN1mX7pQ5wE3bC'), 'Tecnico', 'Ativo', 'Junior', 'Disponível', '(11) 99555-0017', '1986-03-24', 5),
('Agatha Moreira Lima', 'agatha.moreira@empresa.com', SHA('pQ5wE3bC9zM4kL2v'), 'Tecnico', 'Inativo', 'Junior', 'Disponível', '(11) 99555-0018', '1992-01-19', 5),
('Leandra Leal Castro', 'leandra.leal@empresa.com', SHA('C9zM4kL2vN8mX6pQ'), 'Tecnico', 'Ativo', 'Junior', 'Disponível', '(11) 99555-0019', '1982-08-13', 5),
('Adriana Esteves Carmo', 'adriana.esteves@empresa.com', SHA('vN8mX6pQ1wE7bC5z'), 'Tecnico', 'Ativo', 'Junior', 'Disponível', '(11) 99555-0020', '1969-12-15', 5),
('Fernanda Montenegro', 'fernanda.monte@empresa.com', SHA('wE7bC5zM3kL9vN4m'), 'Supervisor', 'Ativo', 'Junior', 'Disponível', '(11) 99666-0001', '1929-10-16', 6),
('Glória Pires Ramos', 'gloria.pires@empresa.com', SHA('M3kL9vN4mX2pQ8wE'), 'Tecnico', 'Ativo', 'Junior', 'Disponível', '(11) 99666-0002', '1963-08-23', 6),
('Marieta Severo Costa', 'marieta.severo@empresa.com', SHA('mX2pQ8wE6bC1zM7k'), 'Tecnico', 'Ativo', 'Junior', 'Disponível', '(11) 99666-0003', '1946-11-02', 6),
('Lília Cabral Abreu', 'lilia.cabral@empresa.com', SHA('E6bC1zM7kL5vN3mX'), 'Tecnico', 'Ativo', 'Junior', 'Disponível', '(11) 99666-0004', '1957-07-13', 6),
('Regina Casé Silva', 'regina.case@empresa.com', SHA('L5vN3mX9pQ4wE2bC'), 'Tecnico', 'Ativo', 'Junior', 'Disponível', '(11) 99666-0005', '1954-02-25', 6),
('Patrícia Pillar Mello', 'patricia.p@empresa.com', SHA('pQ4wE2bC8zM6kL1v'), 'Tecnico', 'Ativo', 'Junior', 'Disponível', '(11) 99666-0006', '1964-01-11', 6),
('Cláudia Raia Motta', 'claudia.raia@empresa.com', SHA('C8zM6kL1vN7mX5pQ'), 'Tecnico', 'Inativo', 'Junior', 'Disponível', '(11) 99666-0007', '1966-12-23', 6),
('Eliane Giardini Luz', 'eliane.giardini@empresa.com', SHA('vN7mX5pQ3wE9bC4z'), 'Tecnico', 'Ativo', 'Junior', 'Disponível', '(11) 99666-0008', '1952-10-20', 6),
('Vera Fischer Moura', 'vera.fischer@empresa.com', SHA('wE9bC4zM2kL8vN6m'), 'Tecnico', 'Ativo', 'Junior', 'Disponível', '(11) 99666-0009', '1951-11-27', 6),
('Susana Vieira Souza', 'susana.vieira@empresa.com', SHA('M2kL8vN6mX1pQ7wE'), 'Tecnico', 'Ativo', 'Junior', 'Disponível', '(11) 99666-0010', '1942-08-23', 6),
('Arlete Salles Pinto', 'arlete.salles@empresa.com', SHA('mX1pQ7wE5bC3zM9k'), 'Tecnico', 'Ativo', 'Junior', 'Disponível', '(11) 99666-0011', '1942-06-17', 6),
('Nívea Maria Candido', 'nivea.maria@empresa.com', SHA('E5bC3zM9kL4vN2mX'), 'Tecnico', 'Ativo', 'Junior', 'Disponível', '(11) 99666-0012', '1947-03-07', 6),
('Laura Cardoso Lima', 'laura.cardoso@empresa.com', SHA('L4vN2mX8pQ6wE1bC'), 'Tecnico', 'Ativo', 'Junior', 'Disponível', '(11) 99666-0013', '1927-09-13', 6),
('Fernanda Torres Neto', 'fernanda.torres@empresa.com', SHA('pQ6wE1bC7zM5kL3v'), 'Tecnico', 'Ativo', 'Junior', 'Disponível', '(11) 99666-0014', '1965-09-15', 6),
('Drica Moraes Santos', 'drica.moraes@empresa.com', SHA('C7zM5kL3vN9mX4pQ'), 'Tecnico', 'Ativo', 'Junior', 'Disponível', '(11) 99666-0015', '1969-07-29', 6),
('Malfe Mader Fontes', 'malu.mader@empresa.com', SHA('vN9mX4pQ2wE8bC6z'), 'Tecnico', 'Ativo', 'Junior', 'Disponível', '(11) 99666-0016', '1966-09-12', 6),
('Carolina Dieckmann', 'carolina.d@empresa.com', SHA('wE8bC6zM1kL7vN5m'), 'Tecnico', 'Ativo', 'Junior', 'Disponível', '(11) 99666-0017', '1978-09-16', 6),
('Giovanna Ewbank G', 'giovanna.ewbank@empresa.com', SHA('M1kL7vN5mX3pQ9wE'), 'Tecnico', 'Inativo', 'Junior', 'Disponível', '(11) 99666-0018', '1986-09-14', 6),
('Fernanda Lima Costa', 'fernanda.lima@empresa.com', SHA('mX3pQ9wE4bC2zM8k'), 'Tecnico', 'Ativo', 'Junior', 'Disponível', '(11) 99666-0019', '1977-06-25', 6),
('Ana Maria Braga Reis', 'ana.maria@empresa.com', SHA('E4bC2zM8kL6vN1mX'), 'Tecnico', 'Ativo', 'Junior', 'Disponível', '(11) 99666-0020', '1949-04-01', 6),
('Pedro Pascal Silva', 'pedro.pascal@empresa.com', SHA('L6vN1mX7pQ5wE3bC'), 'Tecnico', 'Ativo', 'Junior', 'Disponível', '(11) 99111-0021', '1975-04-02', 1),
('Zendaya Coleman Rosa', 'zendaya@empresa.com', SHA('pQ5wE3bC9zM4kL2v'), 'Tecnico', 'Ativo', 'Junior', 'Disponível', '(11) 99111-0022', '1996-09-01', 1),
('Keanu Reeves Mattos', 'keanu.reeves@empresa.com', SHA('C9zM4kL2vN8mX6pQ'), 'Tecnico', 'Ativo', 'Junior', 'Disponível', '(11) 99111-0023', '1964-09-02', 1),
('Tom Holland Neves', 'tom.holland@empresa.com', SHA('vN8mX6pQ1wE7bC5z'), 'Tecnico', 'Inativo', 'Junior', 'Disponível', '(11) 99111-0024', '1996-06-01', 1),
('Neymar Junior Santos', 'neymar.jr@empresa.com', SHA('wE7bC5zM3kL9vN4m'), 'Tecnico', 'Ativo', 'Junior', 'Disponível', '(11) 99222-0021', '1992-02-05', 2),
('Lionel Messi Cuccitini', 'lionel.messi@empresa.com', SHA('M3kL9vN4mX2pQ8wE'), 'Tecnico', 'Ativo', 'Junior', 'Disponível', '(11) 99222-0022', '1987-06-24', 2),
('Cristiano Ronaldo Aveiro', 'cr7.robozao@empresa.com', SHA('mX2pQ8wE6bC1zM7k'), 'Tecnico', 'Ativo', 'Junior', 'Disponível', '(11) 99222-0023', '1985-02-05', 2),
('Marta Vieira Silva', 'marta.rainha@empresa.com', SHA('E6bC1zM7kL5vN3mX'), 'Tecnico', 'Ativo', 'Junior', 'Disponível', '(11) 99222-0024', '1986-02-19', 2),
('Selena Gomez Souza', 'selena.gomez@empresa.com', SHA('L5vN3mX9pQ4wE2bC'), 'Tecnico', 'Ativo', 'Junior', 'Disponível', '(11) 99333-0021', '1992-07-22', 3),
('Taylor Swift Alencar', 'taylor.swift@empresa.com', SHA('pQ4wE2bC8zM6kL1v'), 'Tecnico', 'Ativo', 'Junior', 'Disponível', '(11) 99333-0022', '1989-12-13', 3),
('Beyoncé Knowles Carter', 'beyonce@empresa.com', SHA('C8zM6kL1vN7mX5pQ'), 'Tecnico', 'Ativo', 'Junior', 'Disponível', '(11) 99333-0023', '1981-09-04', 3),
('Bruno Mars Ramos', 'bruno.mars@empresa.com', SHA('vN7mX5pQ3wE9bC4z'), 'Tecnico', 'Inativo', 'Junior', 'Disponível', '(11) 99333-0024', '1985-10-08', 3),
('Steve Wozniak Lima', 'steve.woz@empresa.com', SHA('wE9bC4zM2kL8vN6m'), 'Tecnico', 'Ativo', 'Junior', 'Disponível', '(11) 99444-0021', '1950-08-11', 4),
('Michael Cracker Reis', 'mike.hacker@empresa.com', SHA('M2kL8vN6mX1pQ7wE'), 'Tecnico', 'Ativo', 'Junior', 'Disponível', '(11) 99444-0022', '1988-10-10', 4),
('Ada Lovelace Segunda', 'ada.segunda@empresa.com', SHA('mX1pQ7wE5bC3zM9k'), 'Tecnico', 'Ativo', 'Junior', 'Disponível', '(11) 99444-0023', '1999-01-15', 4),
('Gabe Newell Valvula', 'gabe.newell@empresa.com', SHA('E5bC3zM9kL4vN2mX'), 'Tecnico', 'Ativo', 'Junior', 'Disponível', '(11) 99444-0024', '1962-11-03', 4),
('Anitta Larissa Machado', 'anitta.poderosa@empresa.com', SHA('L4vN2mX8pQ6wE1bC'), 'Tecnico', 'Ativo', 'Junior', 'Disponível', '(11) 99555-0021', '1993-03-30', 5),
('Ludmilla Oliveira Silva', 'ludmilla@empresa.com', SHA('pQ6wE1bC7zM5kL3v'), 'Tecnico', 'Ativo', 'Junior', 'Disponível', '(11) 99555-0022', '1995-04-24', 5),
('Luísa Sonza Gerloff', 'luisa.sonza@empresa.com', SHA('C7zM5kL3vN9mX4pQ'), 'Tecnico', 'Ativo', 'Junior', 'Disponível', '(11) 99555-0023', '1998-07-18', 5),
('Pabllo Vittar Rodrigues', 'pabllo.vittar@empresa.com', SHA('vN9mX4pQ2wE8bC6z'), 'Tecnico', 'Inativo', 'Junior', 'Disponível', '(11) 99555-0024', '1993-11-01', 5),
('Wagner Moura Prado', 'wagner.moura@empresa.com', SHA('wE8bC6zM1kL7vN5m'), 'Tecnico', 'Ativo', 'Junior', 'Disponível', '(11) 99111-0025', '1976-06-27', 1),
('Alice Braga Moraes', 'alice.braga@empresa.com', SHA('M1kL7vN5mX3pQ9wE'), 'Tecnico', 'Ativo', 'Junior', 'Disponível', '(11) 99111-0026', '1983-04-15', 1),
('Rodrigo Santoro Costa', 'rodrigo.santoro@empresa.com', SHA('mX3pQ9wE4bC2zM8k'), 'Tecnico', 'Ativo', 'Junior', 'Disponível', '(11) 99111-0027', '1975-08-22', 1),
('Sonia Braga Oliveira', 'sonia.braga@empresa.com', SHA('E4bC2zM8kL6vN1mX'), 'Tecnico', 'Inativo', 'Junior', 'Disponível', '(11) 99111-0028', '1950-06-08', 1),
('Gabriel Medina Pinto', 'gabriel.medina@empresa.com', SHA('L6vN1mX7pQ5wE3bC'), 'Tecnico', 'Ativo', 'Junior', 'Disponível', '(11) 99222-0025', '1993-12-22', 2),
('Rayssa Leal Silva', 'rayssa.leal@empresa.com', SHA('pQ5wE3bC9zM4kL2v'), 'Tecnico', 'Ativo', 'Junior', 'Disponível', '(11) 99222-0026', '2008-01-04', 2),
('Rebeca Andrade Lima', 'rebeca.andrade@empresa.com', SHA('C9zM4kL2vN8mX6pQ'), 'Tecnico', 'Ativo', 'Junior', 'Disponível', '(11) 99222-0027', '1999-05-08', 2),
('Ítalo Ferreira Melo', 'italo.ferreira@empresa.com', SHA('vN8mX6pQ1wE7bC5z'), 'Tecnico', 'Ativo', 'Junior', 'Disponível', '(11) 99222-0028', '1994-04-06', 2),
('Caetano Veloso Ramos', 'caetano.veloso@empresa.com', SHA('wE7bC5zM3kL9vN4m'), 'Tecnico', 'Ativo', 'Junior', 'Disponível', '(11) 99333-0025', '1942-08-07', 3),
('Gilberto Gil Passos', 'gilberto.gil@empresa.com', SHA('M3kL9vN4mX2pQ8wE'), 'Tecnico', 'Ativo', 'Junior', 'Disponível', '(11) 99333-0026', '1942-06-26', 3),
('Chico Buarque Hollanda', 'chico.buarque@empresa.com', SHA('mX2pQ8wE6bC1zM7k'), 'Tecnico', 'Ativo', 'Junior', 'Disponível', '(11) 99333-0027', '1944-06-19', 3),
('Milton Nascimento Luz', 'milton.nascimento@empresa.com', SHA('E6bC1zM7kL5vN3mX'), 'Tecnico', 'Inativo', 'Junior', 'Disponível', '(11) 99333-0028', '1942-10-26', 3),
('Sam Altman Cruz', 'sam.altman@empresa.com', SHA('L5vN3mX9pQ4wE2bC'), 'Tecnico', 'Ativo', 'Junior', 'Disponível', '(11) 99444-0025', '1985-04-22', 4),
('Demis Hassabis Reis', 'demis.hassabis@empresa.com', SHA('pQ4wE2bC8zM6kL1v'), 'Tecnico', 'Ativo', 'Junior', 'Disponível', '(11) 99444-0026', '1976-07-27', 4),
('Yann LeCun Silva', 'yann.lecun@empresa.com', SHA('C8zM6kL1vN7mX5pQ'), 'Tecnico', 'Ativo', 'Junior', 'Disponível', '(11) 99444-0027', '1960-07-08', 4),
('Andrew Ng Alencar', 'andrew.ng@empresa.com', SHA('vN7mX5pQ3wE9bC4z'), 'Tecnico', 'Ativo', 'Junior', 'Disponível', '(11) 99444-0028', '1976-04-18', 4),
('Ivete Sangalo Cady', 'ivete.sangalo@empresa.com', SHA('wE9bC4zM2kL8vN6m'), 'Tecnico', 'Ativo', 'Junior', 'Disponível', '(11) 99555-0025', '1972-05-27', 5),
('Claudia Leitte Inacio', 'claudia.leitte@empresa.com', SHA('M2kL8vN6mX1pQ7wE'), 'Tecnico', 'Ativo', 'Junior', 'Disponível', '(11) 99555-0026', '1980-07-10', 5),
('Alok Achkar Peres', 'alok.dj@empresa.com', SHA('mX1pQ7wE5bC3zM9k'), 'Tecnico', 'Ativo', 'Junior', 'Disponível', '(11) 99555-0027', '1991-08-26', 5),
('Luisa Possi Brandão', 'luisa.possi@empresa.com', SHA('E5bC3zM9kL4vN2mX'), 'Tecnico', 'Inativo', 'Junior', 'Disponível', '(11) 99555-0028', '1984-06-26', 5);


-- 4. MODELOS DE MÁQUINAS
INSERT INTO Modelos_Maquinas (id_maquina, nome_maquina, fabricante_maquina, nome_modelo, descricao_tecnica, potencia_especificacao) VALUES
(1, 'Centro de Usinagem', 'Hyundai Wia', 'I-Cut 380Ti', 'Centro de usinagem de alta velocidade', '15 kW'),
(2, 'Torno CNC', 'Hyundai', 'E 160 LA', 'Torno CNC para barramento inclinado', '11 kW'),
(3, 'Furadeira de Coluna', 'Joinville', 'Furadeira de Coluna Joinville', 'Furadeira mecânica de coluna', '2 HP'),
(4, 'Furadeira de Bancada', 'Mello', 'Furadeira de Bancada Mello', 'Furadeira de bancada para pequenos furos', '1 HP'),
(5, 'Furadeira de Bancada', 'MotoMil', 'Furadeira de Bancada MotoMil', 'Equipamento de furação hobby/oficina', '0.5 HP'),
(6, 'Furadeira de Bancada', 'Schulz', 'Furadeira de Bancada Schulz', 'Furadeira robusta para oficina', '0.75 HP'),
(7, 'Furadeira de Coluna', 'Newton', 'Furadeira de Coluna Newton', 'Furadeira industrial pesada', '3 HP'),
(8, 'Furadeira de Coluna', 'S.A Yadoya', 'Furadeira de Coluna S.A Yadoya', 'Furadeira de coluna de alta precisão', '2.5 HP'),
(9, 'Furadeira de Coluna', 'Kone', 'KM 25', 'Furadeira de coluna engrenada', '2 HP'),
(10, 'Lixadeira Combinada', 'Razi', 'Lixadeira Combinada Razi', 'Lixadeira de disco e cinta integrados', '1.5 HP'),
(11, 'Motoesmeril', 'Somar', 'Motoesmeril Somar', 'Esmeril bifásico/trifásico para desbaste', '1 HP'),
(12, 'Máquina Eletrodo Revestido', 'Sumig', 'Fox 200', 'Inversora de solda para eletrodo', '200A'),
(13, 'Máquina Mig/Mag', 'Sumig', 'HAWK 305', 'Equipamento de solda industrial MIG/MAG', '300A'),
(14, 'Jato de Granalha', 'CMV', 'GS-9075 X CMV', 'Cabine de jateamento por ar comprimido', '5 HP'),
(15, 'Furadeira de Coluna', 'Sem modelo definido', 'Padrão', 'Furadeira genérica de caldeiraria', '1.5 HP'),
(16, 'Policorte', 'Bosch', 'GCO 2000 Bosch', 'Serra rápida para cortar metais', '2000W'),
(17, 'Paleteira', 'TM2220', 'Paleteira TM2220', 'Transpalete manual hidráulico', '2.2 TON'),
(18, 'Guincho Hidráulico (girafa)', 'Guincho Hidráulico 2 TON', 'G2000', 'Guincho mecânico para movimentação de motores', '2 TON'),
(19, 'Prensa Hidraúlica', 'Prensa Hidraúlica 15 TON', 'ST', 'Prensa hidráulica tipo H', '15 TON'),
(20, 'Lavador de Peça', 'Fabricação WEG', 'Sob medida', 'Lavadora de peças por circulação de fluido', '0.5 HP'),
(21, 'Prensa Hidráulica 200T', 'Schuler', 'PE-200T', 'Prensa industrial para conformação', '200 Ton'),
(22, 'Compressor de Parafuso', 'Atlas Copco', 'GA37', 'Compressor estacionário de ar comprimido', '50 HP'),
(23, 'Forno de Têmpera', 'Combustol', 'FT-1200', 'Forno elétrico para ferramentaria', '35 kW'),
(24, 'Exaustor de Ar Industrial', 'TecnoVent', 'EX-400', 'Sistema de exaustão e filtragem de pó', '12 kW'),
(25, 'Projetor de Perfil Óptico', 'Mitutoyo', 'PH-A14', 'Equipamento de medição para metrologia', '110V'),
(26, 'Ponte Rolante Suspensa', 'Vastec', 'PR-05TON', 'Equipamento de elevação de carga', '5 TON'),
(27, 'Retificadora Cilíndrica', 'Romi', 'RUL 400', 'Retífica industrial mecânica', '7.5 kW'),
(28, 'Dobradeira de Chapas', 'Newton', 'PPC 135', 'Dobradeira de chapas grossas de aço', '15 HP'),
(29, 'Braço Robotizado', 'KUKA', 'KR 16', 'Braço de solda robótica integrada', '8 kW'),
(30, 'Misturador de Fluidos', 'ProQuim', 'MQ-500', 'Misturador de fluidos industriais e solúvel', '3 HP'),
(31, 'Motor Elétrico Trifásico', 'WEG', 'W22 IR4 Super Premium', 'Alta eficiência energética, menor consumo, carcaça 132M, IP55, 2 polos', '10 cv'),
(32, 'Motor Elétrico Trifásico', 'WEG', 'W50 High Voltage', 'Motor para aplicações severas, carcaça reforçada, isolamento classe F, 6 polos', '400 cv'),
(33, 'Motor Elétrico Trifásico', 'WEG', 'HGF Alta Tensão', 'Ideal para indústrias de papel, celulose e mineração, IPW65, 4 polos', '1250 cv'),
(34, 'Motor Elétrico Monofásico', 'WEG', 'Nova MPlus', 'Motor comercial/residencial, alto torque de partida, regime contínuo, 2 polos', '2 cv'),
(35, 'Motor Elétrico Trifásico', 'WEG', 'W22 Magnet IR5', 'Motor síncrono com ímãs permanentes, máxima eficiência global', '30 cv'),
(36, 'Motor Redutor', 'WEG', 'WG20 Coaxial', 'Engrenagens helicoidais, alto rendimento mecânico, carcaça de alumínio', '5 cv'),
(37, 'Motor Redutor', 'WEG', 'WG20 Ortogonal', 'Redutor de eixos ortogonais, montagem universal, torque elevado', '7.5 cv'),
(38, 'Motor Redutor', 'WEG', 'WG20 Paralelo', 'Eixos paralelos plano, design compacto para espaços reduzidos', '3 cv'),
(39, 'Inversor de Frequência', 'WEG', 'CFW500', 'Controle vetorial microprocessado, interface modular, CLP incorporado', '11 kW'),
(40, 'Inversor de Frequência', 'WEG', 'CFW11', 'Alta performance para controle de velocidade e torque, tecnologia Optimal Flux', '45 kW'),
(41, 'Inversor de Frequência', 'WEG', 'CFW300', 'Compacto, ideal para máquinas de pequeno porte e aplicações OEM', '2.2 kW'),
(42, 'Soft-Starter', 'WEG', 'SSW07', 'Chave de partida suave com controle de duas fases, proteção integral do motor', '30 cv'),
(43, 'Soft-Starter', 'WEG', 'SSW900', 'Controle de torque completo, display gráfico, algoritmos inteligentes de partida', '150 cv'),
(44, 'Servomotor', 'WEG', 'SWA Series', 'Servomotor síncrono CA, alta dinâmica, feedback por resolver', '1.5 kW'),
(45, 'Motor para Atmosferas Explosivas', 'WEG', 'W22Xd À Prova de Explosão', 'Segurança máxima para ambientes de gases e vapores inflamáveis, Ex d IIB T4', '50 cv'),
(46, 'Motor para Atmosferas Explosivas', 'WEG', 'W22Xe Segurança Aumentada', 'Proteção Ex eb IIC T3, indicado para indústrias químicas e petroquímicas', '25 cv'),
(47, 'Motor Elétrico Trifásico', 'WEG', 'W12 Compact', 'Carcaça de alumínio ultraleve, flange integrada, ideal para bombas e ventiladores', '1.5 cv'),
(48, 'Motor síncrono de Alta Tensão', 'WEG', 'M Síncrono', 'Correção de fator de potência da planta, aplicação em compressores e moinhos', '2500 kW'),
(49, 'Gerador Síncrono', 'WEG', 'Linha AG10', 'Alternador para grupos geradores de energia, isolamento classe H, AVR integrado', '150 kVA'),
(50, 'Gerador Síncrono', 'WEG', 'Linha Turbo', 'Gerador de grande porte para turbinas a vapor ou hidráulicas', '15 MW'),
(51, 'Motor para Aplicação Naval', 'WEG', 'W22 Marine', 'Pintura marítima especial antifouling, parafusos inox, certificação ABS/DNV', '75 cv'),
(52, 'Motor de Alta Rotação', 'WEG', 'W22 Air Over', 'Resfriamento por fluxo de ar externo, aplicado em torres de resfriamento', '20 cv'),
(53, 'Motor de Anéis', 'WEG', 'MAW Linha Master', 'Rotor bobinado com reostato de partida, alto torque com baixa corrente de pico', '800 cv'),
(54, 'Motor de Frenagem Rápida', 'WEG', 'W22 Freio', 'Moto-freio com freio a disco monodisco, parada instantânea e segura', '5 cv'),
(55, 'Motor de Rolo', 'WEG', 'W22 Roller Table', 'Desenvolvido para mesas de rolos em siderúrgicas, suporta reversões rápidas', '15 cv'),
(56, 'Motor Monofásico Rural', 'WEG', 'W22 Open Drip Proof (ODP)', 'Proteção aberta contra gotejamento, ideal para bombas de irrigação agrícolas', '7.5 cv'),
(57, 'Motor Vertical de Alto Empuxo', 'WEG', 'W22 Vertical High Thrust', 'Mancais projetados para suportar cargas axiais elevadas, bombas verticais', '100 cv'),
(58, 'Motor de Ímã Permanente', 'WEG', 'W22 Magnet Drive', 'Operação exclusiva com inversor, torque constante em ampla faixa de rotação', '40 cv'),
(59, 'Turbina Hidráulica', 'WEG', 'Francis Hélice', 'Micro e mini central hidráulica (PCH) para geração distribuída', '500 kW'),
(60, 'Motor de Indução de Grande Porte', 'WEG', 'MGF Linha Master', 'Motor de carcaça modular customizada para exaustores de mineração', '1800 cv'),
(61, 'Motor para Alta Temperatura', 'WEG', 'W22 Smoke Extraction', 'Suporta operação a 400°C por até 2 horas em sistemas de exaustão de fumaça', '30 cv'),
(62, 'Motor CC (Corrente Contínua)', 'WEG', 'Linha MD', 'Totalmente compensado, excelente comutação para pontes rolantes e extrusoras', '120 kW'),
(63, 'Motor Elétrico Trifásico', 'WEG', 'W22 Washdown', 'Carcaça epóxi lisa antimicrobiana para indústria alimentícia e lavagens severas', '4 cv'),
(64, 'Inversor para Automação predial', 'WEG', 'CFW501 HVAC', 'Inversor dedicado para climatização, bombas, fancoils e compressores hospitalares', '15 kW'),
(65, 'Inversor de Média Tensão', 'WEG', 'MVW3000', 'Topologia NPC, multinível, controle preciso de motores de altíssima potência', '2200 kW'),
(66, 'Motor Monofásico de Partida por Capacitor', 'WEG', 'Jet Pump', 'Eixo roscado padrão NEMA 56J para acoplamento direto em motobombas', '1 cv'),
(67, 'Motor redutor de Coroa e Rosca Sem-Fim', 'WEG', 'Cestari C-Series', 'Eixos perpendiculares, travamento automático por fricção em descidas', '2 cv'),
(68, 'Motor para Trituradores', 'WEG', 'W22 Crusher Duty', 'Eixo em aço de altíssima resistência mecânica, suporta sobrecargas cíclicas', '250 cv'),
(69, 'Motor Síncrono de Ímãs', 'WEG', 'W22 Magnet Ultra', 'Eficiência IE5+, perdas reduzidas no rotor, excelente densidade de potência', '15 kW'),
(70, 'Motor Elétrico de Alta Eficiência', 'WEG', 'W22 IR3 Premium Custom', 'Motor customizado de indução para acoplamento direto em compressores de parafuso', '15 cv'),
(71, 'Centro de Usinagem', 'Hyundai Wia', 'I-Cut 400Ti', 'Centro de usinagem avançado', '18 kW'),
(72, 'Torno CNC', 'Hyundai', 'E 200 MA', 'Torno CNC para barramento robusto', '15 kW'),
(73, 'Furadeira de Coluna', 'Joinville', 'J-35 Pro', 'Furadeira mecânica com cabeçote móvel', '3 HP'),
(74, 'Furadeira de Bancada', 'Mello', 'M-12 Bench', 'Furadeira de precisão para eletrônicos', '1.2 HP'),
(75, 'Furadeira de Bancada', 'MotoMil', 'Hobby-Max', 'Furadeira compacta para bancadas leves', '0.75 HP'),
(76, 'Furadeira de Bancada', 'Schulz', 'FBS-16', 'Furadeira de bancada profissional', '1 HP'),
(77, 'Furadeira de Coluna', 'Newton', 'FC-40 Industrial', 'Furadeira mecânica reforçada de coluna', '4 HP'),
(78, 'Furadeira de Coluna', 'S.A Yadoya', 'YAD-25', 'Furadeira pesada para matrizes', '3 HP'),
(79, 'Furadeira de Coluna', 'Kone', 'KM 32', 'Furadeira de coluna de engrenagem pesada', '3 HP'),
(80, 'Lixadeira Combinada', 'Razi', 'RZ-LX30', 'Lixadeira de cinta industrial', '2 HP'),
(81, 'Motoesmeril', 'Somar', 'Somar Pro 2HP', 'Esmeril trifásico para afiação industrial', '2 HP'),
(82, 'Máquina Eletrodo Revestido', 'Sumig', 'Fox 250', 'Inversora turbo para eletrodos pesados', '250A'),
(83, 'Máquina Mig/Mag', 'Sumig', 'HAWK 405', 'Equipamento de soldagem MIG industrial pesado', '400A'),
(84, 'Jato de Granalha', 'CMV', 'GS-1200 CMV', 'Cabine automatizada de jateamento', '7.5 HP'),
(85, 'Policorte', 'Bosch', 'GCO 2400 Bosch', 'Serra rápida industrial para perfis metálicos', '2400W'),
(86, 'Prensa Hidráulica 200T', 'Schuler', 'PE-250T', 'Prensa de estampagem contínua', '250 Ton'),
(87, 'Compressor de Parafuso', 'Atlas Copco', 'GA45', 'Compressor industrial de alta vazão', '60 HP'),
(88, 'Forno de Têmpera', 'Combustol', 'FT-1500', 'Forno metalúrgico de atmosfera controlada', '45 kW'),
(89, 'Exaustor de Ar Industrial', 'TecnoVent', 'EX-600', 'Sistema centralizado de exaustão de gases', '15 kW'),
(90, 'Projetor de Perfil Óptico', 'Mitutoyo', 'PH-3500', 'Projetor digital de alta fidelidade óptica', '220V'),
(91, 'Retificadora Cilíndrica', 'Romi', 'RUL 600', 'Retificadora universal para eixos longos', '10 kW'),
(92, 'Dobradeira de Chapas', 'Newton', 'PPC 200', 'Dobradeira CNC de alta capacidade', '20 HP'),
(93, 'Braço Robotizado', 'KUKA', 'KR 30', 'Robô articulado de paletização e solda', '12 kW'),
(94, 'Misturador de Fluidos', 'ProQuim', 'MQ-1000', 'Misturador químico com agitação magnética', '5 HP'),
(95, 'Motor Elétrico Trifásico', 'WEG', 'W22 IR4 Pro', 'Motor trifásico de alto rendimento mecânico', '15 cv'),
(96, 'Inversor de Frequência', 'WEG', 'CFW700', 'Inversor vetorial de alta conectividade', '22 kW'),
(97, 'Soft-Starter', 'WEG', 'SSW08', 'Soft-starter microprocessada para partidas suaves', '45 cv'),
(98, 'Servomotor', 'WEG', 'SWB Series', 'Servomotor com alta resposta dinâmica', '2.5 kW'),
(99, 'Gerador Síncrono', 'WEG', 'Linha AG20', 'Alternador industrial para geradores cabinados', '250 kVA'),
(100, 'Turbina Hidráulica', 'WEG', 'Kaplan Turbo', 'Geração hidráulica de pequeno porte', '750 kW'),
(101, 'Centro de Usinagem', 'Hyundai Wia', 'I-Cut 450Ti', 'Centro de usinagem com 4 eixos', '20 kW'),
(102, 'Torno CNC', 'Hyundai', 'E 250 LA', 'Torno pesado CNC para eixos industriais', '18 kW'),
(103, 'Furadeira de Coluna', 'Joinville', 'J-40 Heavy', 'Furadeira para produção contínua', '3.5 HP'),
(104, 'Furadeira de Bancada', 'Mello', 'M-15 Precision', 'Furadeira estável para ferramentaria', '1.5 HP'),
(105, 'Furadeira de Bancada', 'MotoMil', 'Hobby-Pro 1', 'Furadeira com regulagem de polias', '0.8 HP'),
(106, 'Furadeira de Bancada', 'Schulz', 'FBS-20', 'Furadeira de bancada com mandril robusto', '1.2 HP'),
(107, 'Furadeira de Coluna', 'Newton', 'FC-50 Pro', 'Furadeira de coluna com avanço automático', '5 HP'),
(108, 'Furadeira de Coluna', 'S.A Yadoya', 'YAD-32', 'Furadeira pesada engrenada de coluna', '4 HP'),
(109, 'Furadeira de Coluna', 'Kone', 'KM 40', 'Furadeira industrial de grande porte', '4 HP'),
(110, 'Lixadeira Combinada', 'Razi', 'RZ-LX50', 'Lixadeira de dupla ação industrial', '2.5 HP'),
(111, 'Motoesmeril', 'Somar', 'Somar Heavy 3HP', 'Esmeril para desbaste pesado de fundidos', '3 HP'),
(112, 'Máquina Eletrodo Revestido', 'Sumig', 'Fox 300', 'Inversora trifásica para uso severo', '300A'),
(113, 'Máquina Mig/Mag', 'Sumig', 'HAWK 505', 'Fonte de solda MIG pulsada', '500A'),
(114, 'Jato de Granalha', 'CMV', 'GS-1500 CMV', 'Equipamento automático de jateamento contínuo', '10 HP'),
(115, 'Policorte', 'Bosch', 'GCO 2600 Bosch', 'Serra de corte rápido com coifa de proteção', '2600W'),
(116, 'Prensa Hidráulica 200T', 'Schuler', 'PE-300T', 'Estação hidráulica automatizada de prensa', '300 Ton'),
(117, 'Compressor de Parafuso', 'Atlas Copco', 'GA55', 'Unidade compressora trifásica de parafuso', '75 HP'),
(118, 'Forno de Têmpera', 'Combustol', 'FT-2000', 'Forno de tratamento térmico de alta cubagem', '50 kW'),
(119, 'Exaustor de Ar Industrial', 'TecnoVent', 'EX-800', 'Exaustor de alta pressão para particulados', '18 kW'),
(120, 'Projetor de Perfil Óptico', 'Mitutoyo', 'PH-4000', 'Metrologia óptica digital avançada', '220V'),
(121, 'Retificadora Cilíndrica', 'Romi', 'RUL 800', 'Retífica universal de ultraprecisão', '12 kW'),
(122, 'Dobradeira de Chapas', 'Newton', 'PPC 300', 'Dobradeira de chapas pesadas com comando CNC', '25 HP'),
(123, 'Braço Robotizado', 'KUKA', 'KR 60', 'Braço robótico de manipulação pesada', '15 kW'),
(124, 'Misturador de Fluidos', 'ProQuim', 'MQ-2000', 'Estação misturadora automatizada', '7.5 HP'),
(125, 'Motor Elétrico Trifásico', 'WEG', 'W22 Super Premium', 'Motor industrial trifásico de altíssima eficiência', '20 cv'),
(126, 'Inversor de Frequência', 'WEG', 'CFW900', 'Inversor de frequência de última geração', '37 kW'),
(127, 'Soft-Starter', 'WEG', 'SSW900 Pro', 'Soft-starter inteligente com chaves bypass', '75 cv'),
(128, 'Servomotor', 'WEG', 'SWC Series', 'Servomotor de alta densidade de torque', '3.0 kW'),
(129, 'Gerador Síncrono', 'WEG', 'Linha AG30', 'Gerador de energia para backup crítico', '500 kVA'),
(130, 'Turbina Hidráulica', 'WEG', 'Pelton Hélice', 'Micro turbina para redes de distribuição', '1000 kW'),
(131, 'Centro de Usinagem', 'Hyundai Wia', 'I-Cut 500Ti', 'Centro de usinagem industrial pesado', '25 kW'),
(132, 'Torno CNC', 'Hyundai', 'E 300 LA', 'Torno CNC horizontal computadorizado', '22 kW'),
(133, 'Furadeira de Coluna', 'Joinville', 'J-50 Super', 'Furadeira pesada para furações profundas', '5 HP'),
(134, 'Furadeira de Bancada', 'Mello', 'M-20 Bench', 'Furadeira para furos em série em chapas', '2 HP'),
(135, 'Furadeira de Bancada', 'MotoMil', 'Hobby-Pro 2', 'Furadeira com mesa articulada', '1 HP'),
(136, 'Furadeira de Bancada', 'Schulz', 'FBS-25', 'Furadeira profissional de alta rotação', '1.5 HP'),
(137, 'Furadeira de Coluna', 'Newton', 'FC-60 Heavy', 'Furadeira industrial pesada engrenada', '6 HP'),
(138, 'Furadeira de Coluna', 'S.A Yadoya', 'YAD-40', 'Furadeira de precisão para blocos metálicos', '5 HP'),
(139, 'Furadeira de Coluna', 'Kone', 'KM 50', 'Furadeira de coluna industrial reforçada', '5 HP'),
(140, 'Lixadeira Combinada', 'Razi', 'RZ-LX60', 'Lixadeira orbital integrada industrial', '3 HP'),
(141, 'Motoesmeril', 'Somar', 'Somar Heavy 5HP', 'Esmeril bifásico industrial para rebarbação', '5 HP'),
(142, 'Máquina Eletrodo Revestido', 'Sumig', 'Fox 400', 'Inversora robusta para grandes eletrodos', '400A'),
(143, 'Máquina Mig/Mag', 'Sumig', 'HAWK 605', 'Equipamento multiprocesso de soldagem', '600A'),
(144, 'Jato de Granalha', 'CMV', 'GS-2000 CMV', 'Cabine automatizada de jateamento pesado', '15 HP'),
(145, 'Policorte', 'Bosch', 'GCO 2800 Bosch', 'Serra rápida com base reforçada antivibração', '2800W'),
(146, 'Prensa Hidráulica 200T', 'Schuler', 'PE-400T', 'Prensa hidráulica com controle CLP integrado', '400 Ton'),
(147, 'Compressor de Parafuso', 'Atlas Copco', 'GA75', 'Compressor estacionário de ar comprimido premium', '100 HP'),
(148, 'Forno de Têmpera', 'Combustol', 'FT-3000', 'Forno industrial para cementação e têmpera', '60 kW'),
(149, 'Exaustor de Ar Industrial', 'TecnoVent', 'EX-1000', 'Sistema de captação de fumos e particulados', '22 kW'),
(150, 'Projetor de Perfil Óptico', 'Mitutoyo', 'PH-5000', 'Projetor de bancada para alta metrologia', '220V'),
(151, 'Retificadora Cilíndrica', 'Romi', 'RUL 1000', 'Retífica cilíndrica mecânica pesada', '15 kW'),
(152, 'Dobradeira de Chapas', 'Newton', 'PPC 400', 'Dobradeira de alta precisão para caldeiraria', '30 HP'),
(153, 'Braço Robotizado', 'KUKA', 'KR 120', 'Robô de soldagem com múltiplos eixos articulados', '18 kW'),
(154, 'Misturador de Fluidos', 'ProQuim', 'MQ-3000', 'Misturador industrial de emulsões químicas', '10 HP'),
(155, 'Motor Elétrico Trifásico', 'WEG', 'W22 IR5 Premium', 'Motor síncrono trifásico premium de última linha', '25 cv'),
(156, 'Inversor de Frequência', 'WEG', 'CFW11 Pro', 'Inversor de alta performance com filtros internos', '55 kW'),
(157, 'Soft-Starter', 'WEG', 'SSW900 Heavy', 'Chave de partida suave para acionamento pesado', '100 cv'),
(158, 'Servomotor', 'WEG', 'SWD Series', 'Servomotor síncrono para automação dinâmica', '4.0 kW'),
(159, 'Gerador Síncrono', 'WEG', 'Linha AG40', 'Alternador para fornecimento de energia contínua', '750 kVA'),
(160, 'Turbina Hidráulica', 'WEG', 'Francis Dupla', 'Central de geração hidrelétrica industrial', '1500 kW'),
(161, 'Centro de Usinagem', 'Hyundai Wia', 'I-Cut 600Ti', 'Centro de usinagem com troca rápida de ferramenta', '30 kW'),
(162, 'Torno CNC', 'Hyundai', 'E 400 LA', 'Torno pesado CNC para usinagem pesada', '30 kW'),
(163, 'Furadeira de Coluna', 'Joinville', 'J-60 Industrial', 'Furadeira com coluna de alta rigidez estrutural', '6 HP'),
(164, 'Furadeira de Bancada', 'Mello', 'M-25 High Speed', 'Furadeira rápida para ligas leves e plásticos', '2.5 HP'),
(165, 'Furadeira de Bancada', 'MotoMil', 'Hobby-Pro 3', 'Furadeira compacta para manutenção rápida', '1.2 HP'),
(166, 'Furadeira de Bancada', 'Schulz', 'FBS-30', 'Furadeira para oficinas mecânicas gerais', '2 HP'),
(167, 'Furadeira de Coluna', 'Newton', 'FC-70 Super', 'Furadeira de grande porte engrenada industrial', '7.5 HP'),
(168, 'Furadeira de Coluna', 'S.A Yadoya', 'YAD-50', 'Furadeira de coluna pesada para ferramentaria', '6 HP'),
(169, 'Furadeira de Coluna', 'Kone', 'KM 60', 'Furadeira para blocos de aço e furação pesada', '6 HP'),
(170, 'Lixadeira Combinada', 'Razi', 'RZ-LX80', 'Lixadeira industrial de banda larga', '4 HP'),
(171, 'Motoesmeril', 'Somar', 'Somar Pro 6HP', 'Esmeril trifásico industrial para fundições', '6 HP'),
(172, 'Máquina Eletrodo Revestido', 'Sumig', 'Fox 500', 'Inversora industrial para eletrodos de alta liga', '500A'),
(173, 'Máquina Mig/Mag', 'Sumig', 'HAWK 705', 'Fonte inversora de soldagem mig/mag e arame', '700A'),
(174, 'Jato de Granalha', 'CMV', 'GS-2500 CMV', 'Cabine industrial de jateamento contínuo com esteira', '20 HP'),
(175, 'Policorte', 'Bosch', 'GCO 3000 Bosch', 'Serra mecânica rápida profissional para cortes limpos', '3000W'),
(176, 'Prensa Hidráulica 200T', 'Schuler', 'PE-500T', 'Prensa automática para forjaria e estampagem', '500 Ton'),
(177, 'Compressor de Parafuso', 'Atlas Copco', 'GA90', 'Compressor estacionário de parafuso duplo', '120 HP'),
(178, 'Forno de Têmpera', 'Combustol', 'FT-4000', 'Forno elétrico para recozimento e têmperas severas', '75 kW'),
(179, 'Exaustor de Ar Industrial', 'TecnoVent', 'EX-1200', 'Exaustor centrífugo para galpões e linhas químicas', '30 kW'),
(180, 'Projetor de Perfil Óptico', 'Mitutoyo', 'PH-6000', 'Equipamento de calibração micrométrica digital', '220V'),
(181, 'Retificadora Cilíndrica', 'Romi', 'RUL 1200', 'Retificadora mecânica universal de precisão para eixos', '18 kW'),
(182, 'Dobradeira de Chapas', 'Newton', 'PPC 500', 'Dobradeira hidráulica industrial de grande porte', '35 HP'),
(183, 'Braço Robotizado', 'KUKA', 'KR 150', 'Robô de alta capacidade de carga para montagens', '22 kW'),
(184, 'Misturador de Fluidos', 'ProQuim', 'MQ-4000', 'Unidade industrial de controle e mistura de óleos', '12 HP'),
(185, 'Motor Elétrico Trifásico', 'WEG', 'W22 Magnet Pro', 'Motor trifásico de alto torque e ímãs integrados', '35 cv'),
(186, 'Inversor de Frequência', 'WEG', 'CFW11 Heavy', 'Inversor modular para controle severo de torque', '75 kW'),
(187, 'Soft-Starter', 'WEG', 'SSW900 Extreme', 'Chave eletrônica inteligente para partidas sob carga', '125 cv'),
(188, 'Servomotor', 'WEG', 'SWE Series', 'Servomotor digital de alto posicionamento cinemático', '5.0 kW'),
(189, 'Gerador Síncrono', 'WEG', 'Linha AG50', 'Alternador de grande porte para contingências severas', '1000 kVA'),
(190, 'Turbina Hidráulica', 'WEG', 'Francis Industrial', 'Turbina hidráulica estacionária para autoprodução', '2000 kW'),
(191, 'Centro de Usinagem', 'Hyundai Wia', 'I-Cut 700Ti', 'Centro de usinagem com pórtico móvel de alta performance', '35 kW'),
(192, 'Torno CNC', 'Hyundai', 'E 500 LA', 'Torno computadorizado de barramento plano estendido', '35 kW'),
(193, 'Furadeira de Coluna', 'Joinville', 'J-70 Pro-Heavy', 'Furadeira mecânica engrenada com lubrificação forçada', '7 HP'),
(194, 'Furadeira de Bancada', 'Mello', 'M-30 Expert', 'Furadeira técnica profissional de furos milimétricos', '3 HP'),
(195, 'Furadeira de Bancada', 'MotoMil', 'Hobby-Pro 4', 'Furadeira para bancadas mecânicas de manutenção leve', '1.5 HP'),
(196, 'Furadeira de Bancada', 'Schulz', 'FBS-40', 'Furadeira industrial de bancada com polia variadora', '2.5 HP'),
(197, 'Furadeira de Coluna', 'Newton', 'FC-80 Pro-Heavy', 'Furadeira pesada para furos industriais estruturais', '10 HP'),
(198, 'Furadeira de Coluna', 'S.A Yadoya', 'YAD-60', 'Furadeira técnica com avanços eletromecânicos', '7.5 HP'),
(199, 'Furadeira de Coluna', 'Kone', 'KM 70', 'Furadeira industrial de coluna para regime de trabalho contínuo', '7.5 HP'),
(200, 'Lixadeira Combinada', 'Razi', 'RZ-LX100', 'Lixadeira com esteira automatizada e exaustor integrado', '5 HP');

INSERT INTO Maquinas (tag_equipamento, id_maquina, numero_serie, localizacao_maquina, tipo_manutencao_padrao, status_operacional, ultima_manutencao, id_setor) VALUES
('CNC-CU-01', 1, 'SN-CU001', 'Laboratório CNC', 'Preventiva', 'Operando', '2026-05-10', 1),
('CNC-TN-01', 2, 'SN-TN001', 'Laboratório CNC', 'Preventiva', 'Operando', '2026-06-01', 1),
('AJU-FR-01', 3, 'SN-FR01', 'Laboratório de Ajustagem', 'Preventiva', 'Em Manutenção', '2026-04-15', 2),
('AJU-FR-02', 4, 'SN-FR02', 'Laboratório de Ajustagem', 'Preventiva', 'Em Manutenção', '2026-04-18', 2),
('AJU-FR-03', 5, 'SN-FR03', 'Laboratório de Ajustagem', 'Preventiva', 'Parado', '2026-03-20', 2),
('AJU-FR-04', 6, 'SN-FR04', 'Laboratório de Ajustagem', 'Preventiva', 'Em Manutenção', '2026-02-12', 2),
('AJU-FR-05', 6, 'SN-FR05', 'Laboratório de Ajustagem', 'Preventiva', 'Em Manutenção', '2026-01-20', 2),
('AJU-FR-06', 7, 'SN-FR06', 'Laboratório de Ajustagem', 'Preventiva', 'Em Manutenção', '2026-05-02', 2),
('FER-FR-01', 8, 'SN-FER01', 'Laboratório de Ferramentaria', 'Preventiva', 'Operando', '2026-06-12', 3),
('FER-FR-02', 9, 'SN-FER02', 'Laboratório de Ferramentaria', 'Preventiva', 'Operando', '2026-06-14', 3),
('FER-FR-03', 6, 'SN-FER03', 'Laboratório de Ferramentaria', 'Preventiva', 'Operando', '2026-06-15', 3),
('FER-LX-01', 10, 'SN-LX01', 'Laboratório de Ferramentaria', 'Preventiva', 'Parado', '2026-05-18', 3),
('FER-ES-01', 11, 'SN-ES01', 'Laboratório de Ferramentaria', 'Preventiva', 'Operando', '2026-06-11', 3),
('CAL-ER-01', 12, 'SN-ER01', 'Caldeiraria', 'Preventiva', 'Operando', '2026-06-10', 4),
('CAL-MG-01', 13, 'SN-MG01', 'Caldeiraria', 'Preventiva', 'Operando', '2026-06-08', 4),
('CAL-JT-01', 14, 'SN-JT01', 'Caldeiraria', 'Preventiva', 'Parado', '2026-04-22', 4),
('CAL-FR-01', 15, 'SN-CALFR01', 'Caldeiraria', 'Preventiva', 'Operando', '2026-05-25', 4),
('CAL-PC-01', 16, 'SN-PC01', 'Caldeiraria', 'Preventiva', 'Operando', '2026-06-13', 4),
('MAN-JC-01', 17, 'SN-JC01', 'Laboratório de Manutenção II', 'Preventiva', 'Em Manutenção', '2026-03-01', 5),
('MAN-JC-02', 17, 'SN-JC02', 'Laboratório de Manutenção II', 'Preventiva', 'Em Manutenção', '2026-03-05', 5),
('MAN-GH-01', 18, 'SN-GH01', 'Laboratório de Manutenção II', 'Preventiva', 'Operando', '2026-06-02', 5),
('MAN-PR-01', 19, 'SN-PR01', 'Laboratório de Manutenção II', 'Preventiva', 'Operando', '2026-06-04', 5),
('MAN-ES-02', 11, 'SN-ES02', 'Laboratório de Manutenção II', 'Preventiva', 'Operando', '2026-06-11', 5),
('MAN-LV-01', 20, 'SN-LV01', 'Laboratório de Manutenção II', 'Preventiva', 'Parado', '2026-02-10', 5),
('MAN-PR-02', 21, 'SN-PR002', 'Laboratório de Manutenção II', 'Preventiva', 'Operando', '2026-05-20', 5),
('CNC-CP-01', 22, 'SN-CNC50', 'Laboratório CNC', 'Preditiva', 'Operando', '2026-06-15', 1),
('FER-FN-01', 23, 'SN-FER10', 'Laboratório de Ferramentaria', 'Preventiva', 'Parado', '2026-04-10', 3),
('CAL-EX-01', 24, 'SN-CAL80', 'Caldeiraria', 'Preventiva', 'Operando', '2026-06-18', 4),
('CNC-PP-01', 25, 'SN-CNC51', 'Laboratório CNC', 'Preditiva', 'Operando', '2026-06-22', 1),
('MAN-PT-01', 26, 'SN-MAN90', 'Laboratório de Manutenção II', 'Preventiva', 'Em Manutenção', '2026-03-12', 5),
('FER-RT-01', 27, 'SN-FER11', 'Laboratório de Ferramentaria', 'Preventiva', 'Operando', '2026-06-11', 3),
('CAL-DB-01', 28, 'SN-CAL81', 'Caldeiraria', 'Preventiva', 'Operando', '2026-05-30', 4),
('CNC-RB-01', 29, 'SN-CNC99', 'Laboratório CNC', 'Preventiva', 'Operando', '2026-06-02', 1),
('QMI-MS-01', 30, 'SN-QMI01', 'Química', 'Preventiva', 'Operando', '2026-06-10', 6),
('MQA-31', 31, 'WEG-SERIE-99031', 'Galpão A - Linha 1', 'Preventiva', 'Operando', '2026-01-15', 1),
('MQA-32', 32, 'WEG-SERIE-99032', 'Subestação Principal', 'Preditiva', 'Operando', '2025-12-10', 1),
('MQA-33', 33, 'WEG-SERIE-99033', 'Galpão A - Exaustor 2', 'Preventiva', 'Operando', '2026-03-01', 1),
('MQA-34', 34, 'WEG-SERIE-99034', 'Oficina Mecânica', 'Corretiva', 'Operando', '2026-05-14', 1),
('MQA-35', 35, 'WEG-SERIE-99035', 'Galpão B - Prensa 3', 'Preditiva', 'Operando', '2026-02-22', 1),
('MQA-36', 36, 'WEG-SERIE-99036', 'Esteira Transportadora A1', 'Preventiva', 'Em Manutenção', '2026-07-05', 1),
('MQA-37', 37, 'WEG-SERIE-99037', 'Galpão B - Elevador Carga', 'Preventiva', 'Operando', '2026-04-18', 1),
('MQA-38', 38, 'WEG-SERIE-99038', 'Linha de Montagem Rápida', 'Preventiva', 'Operando', '2026-03-11', 1),
('MQB-39', 39, 'WEG-SERIE-99039', 'Sala de Painéis 1', 'Preditiva', 'Operando', '2026-05-20', 2),
('MQB-40', 40, 'WEG-SERIE-99040', 'Sala de Painéis Central', 'Preditiva', 'Operando', '2026-06-01', 2),
('MQB-41', 41, 'WEG-SERIE-99041', 'Painel Auxiliar Galpão C', 'Corretiva', 'Parado', '2026-07-02', 2),
('MQB-42', 42, 'WEG-SERIE-99042', 'Casa de Bombas - Resfriamento', 'Preventiva', 'Operando', '2026-02-10', 2),
('MQB-43', 43, 'WEG-SERIE-99043', 'Sala de Comando Geral', 'Preditiva', 'Operando', '2026-01-30', 2),
('MQB-44', 44, 'WEG-SERIE-99044', 'Braço Robótico Linha 2', 'Preventiva', 'Operando', '2026-04-05', 2),
('MQB-45', 45, 'WEG-SERIE-99045', 'Área de Envase Inflamáveis', 'Preventiva', 'Operando', '2025-11-18', 2),
('MQB-46', 46, 'WEG-SERIE-99046', 'Depósito de Químicos', 'Preventiva', 'Operando', '2026-03-25', 2),
('MQC-47', 47, 'WEG-SERIE-99047', 'Galpão C - Sistema de Ventilação', 'Preventiva', 'Operando', '2026-05-02', 3),
('MQC-48', 48, 'WEG-SERIE-99048', 'Casa de Compressores - Principal', 'Preditiva', 'Operando', '2026-06-15', 3),
('MQC-49', 49, 'WEG-SERIE-99049', 'Sala do Gerador de Emergência', 'Preventiva', 'Operando', '2026-04-30', 3),
('MQC-50', 50, 'WEG-SERIE-99050', 'Usina de Co-geração Interna', 'Preditiva', 'Operando', '2025-12-05', 3),
('MQC-51', 51, 'WEG-SERIE-99051', 'Doca de Lavagem de Tanques', 'Preventiva', 'Em Manutenção', '2026-07-06', 3),
('MQC-52', 52, 'WEG-SERIE-99052', 'Torre de Resfriamento 1', 'Preventiva', 'Operando', '2026-03-14', 3),
('MQC-53', 53, 'WEG-SERIE-99053', 'Moinho de Matéria-Prima', 'Preditiva', 'Operando', '2026-01-20', 3),
('MQC-54', 54, 'WEG-SERIE-99054', 'Pátio de Carga - Guindaste', 'Preventiva', 'Operando', '2026-05-19', 3),
('MQD-55', 55, 'WEG-SERIE-99055', 'Siderurgia - Mesa de Rolos', 'Corretiva', 'Parado', '2026-07-01', 4),
('MQD-56', 56, 'WEG-SERIE-99056', 'Captação de Água Bruta', 'Preventiva', 'Operando', '2026-02-28', 4),
('MQD-57', 57, 'WEG-SERIE-99057', 'Estação de Tratamento de Efluentes', 'Preventiva', 'Operando', '2026-04-12', 4),
('MQD-58', 58, 'WEG-SERIE-99058', 'Galpão D - Misturador Contínuo', 'Preditiva', 'Operando', '2026-06-20', 4),
('MQD-59', 59, 'WEG-SERIE-99059', 'Pequena Central Hidrelétrica (PCH)', 'Preventiva', 'Operando', '2025-10-25', 4),
('MQD-60', 60, 'WEG-SERIE-99060', 'Exaustor de Pó de Mineração', 'Preditiva', 'Operando', '2026-03-08', 4),
('MQD-61', 61, 'WEG-SERIE-99061', 'Sistema de Rotas de Fuga', 'Preventiva', 'Operando', '2026-05-30', 4),
('MQD-62', 62, 'WEG-SERIE-99062', 'Extrusora de Plásticos Linha 4', 'Preventiva', 'Operando', '2026-04-22', 4),
('MQE-63', 63, 'WEG-SERIE-99063', 'Área de Alimentos - Embalagem', 'Preventiva', 'Operando', '2026-06-11', 5),
('MQE-64', 64, 'WEG-SERIE-99064', 'Chiller Central HVAC', 'Preventiva', 'Operando', '2026-05-05', 5),
('MQE-65', 65, 'WEG-SERIE-99065', 'Painel de Média Tensão Galpão E', 'Preditiva', 'Operando', '2026-02-15', 5),
('MQE-66', 66, 'WEG-SERIE-99066', 'Motobomba do Sistema de Incêndio', 'Preventiva', 'Operando', '2026-06-30', 5),
('MQE-67', 67, 'WEG-SERIE-99067', 'Setor de Carga - Elevador Helicoidal', 'Preventiva', 'Em Manutenção', '2026-07-04', 5),
('MQE-68', 68, 'WEG-SERIE-99068', 'Triturador de Sucata', 'Corretiva', 'Operando', '2026-04-17', 5),
('MQE-69', 69, 'WEG-SERIE-99069', 'Linha de Alta Precisão - Robótica', 'Preditiva', 'Operando', '2026-06-05', 5),
('MQE-70', 70, 'WEG-SERIE-99070', 'Compressor Parafuso B3', 'Preventiva', 'Operando', '2026-05-25', 5),
('CNC-CU-02', 71, 'SN-CU071', 'Laboratório CNC', 'Preventiva', 'Operando', '2026-05-12', 1),
('CNC-TN-02', 72, 'SN-TN072', 'Laboratório CNC', 'Preventiva', 'Operando', '2026-06-02', 1),
('AJU-FR-07', 73, 'SN-FR073', 'Laboratório de Ajustagem', 'Preventiva', 'Operando', '2026-04-20', 2),
('AJU-FR-08', 74, 'SN-FR074', 'Laboratório de Ajustagem', 'Preventiva', 'Operando', '2026-04-22', 2),
('AJU-FR-09', 75, 'SN-FR075', 'Laboratório de Ajustagem', 'Preventiva', 'Parado', '2026-03-25', 2),
('AJU-FR-10', 76, 'SN-FR076', 'Laboratório de Ajustagem', 'Preventiva', 'Operando', '2026-02-28', 2),
('AJU-FR-11', 77, 'SN-FR077', 'Laboratório de Ajustagem', 'Preventiva', 'Em Manutenção', '2026-05-10', 2),
('AJU-FR-12', 78, 'SN-FR078', 'Laboratório de Ajustagem', 'Preventiva', 'Operando', '2026-05-15', 2),
('FER-FR-04', 79, 'SN-FER079', 'Laboratório de Ferramentaria', 'Preventiva', 'Operando', '2026-06-16', 3),
('FER-FR-05', 80, 'SN-FER080', 'Laboratório de Ferramentaria', 'Preventiva', 'Operando', '2026-06-17', 3),
('FER-FR-06', 81, 'SN-FER081', 'Laboratório de Ferramentaria', 'Preventiva', 'Operando', '2026-06-18', 3),
('FER-LX-02', 82, 'SN-LX082', 'Laboratório de Ferramentaria', 'Preventiva', 'Parado', '2026-05-22', 3),
('FER-ES-02', 83, 'SN-ES083', 'Laboratório de Ferramentaria', 'Preventiva', 'Operando', '2026-06-15', 3),
('CAL-ER-02', 84, 'SN-ER084', 'Caldeiraria', 'Preventiva', 'Operando', '2026-06-12', 4),
('CAL-MG-02', 85, 'SN-MG085', 'Caldeiraria', 'Preventiva', 'Operando', '2026-06-14', 4),
('CAL-JT-02', 86, 'SN-JT086', 'Caldeiraria', 'Preventiva', 'Parado', '2026-04-26', 4),
('CAL-FR-02', 87, 'SN-CAL087', 'Caldeiraria', 'Preventiva', 'Operando', '2026-05-28', 4),
('CAL-PC-02', 88, 'SN-PC088', 'Caldeiraria', 'Preventiva', 'Operando', '2026-06-16', 4),
('MAN-JC-03', 89, 'SN-JC089', 'Laboratório de Manutenção II', 'Preventiva', 'Em Manutenção', '2026-03-10', 5),
('MAN-JC-04', 90, 'SN-JC090', 'Laboratório de Manutenção II', 'Preventiva', 'Em Manutenção', '2026-03-15', 5),
('MAN-GH-02', 91, 'SN-GH091', 'Laboratório de Manutenção II', 'Preventiva', 'Operando', '2026-06-08', 5),
('MAN-PR-03', 92, 'SN-PR092', 'Laboratório de Manutenção II', 'Preventiva', 'Operando', '2026-06-09', 5),
('MAN-ES-03', 93, 'SN-ES093', 'Laboratório de Manutenção II', 'Preventiva', 'Operando', '2026-06-14', 5),
('MAN-LV-02', 94, 'SN-LV094', 'Laboratório de Manutenção II', 'Preventiva', 'Parado', '2026-02-20', 5),
('MAN-PR-04', 95, 'SN-PR095', 'Laboratório de Manutenção II', 'Preventiva', 'Operando', '2026-05-25', 5),
('CNC-CP-02', 96, 'SN-CNC096', 'Laboratório CNC', 'Preditiva', 'Operando', '2026-06-18', 1),
('FER-FN-02', 97, 'SN-FER097', 'Laboratório de Ferramentaria', 'Preventiva', 'Parado', '2026-04-15', 3),
('CAL-EX-02', 98, 'SN-CAL098', 'Caldeiraria', 'Preventiva', 'Operando', '2026-06-20', 4),
('CNC-PP-02', 99, 'SN-CNC099', 'Laboratório CNC', 'Preditiva', 'Operando', '2026-06-25', 1),
('MAN-PT-02', 100, 'SN-MAN100', 'Laboratório de Manutenção II', 'Preventiva', 'Em Manutenção', '2026-03-18', 5),
('FER-RT-02', 101, 'SN-FER101', 'Laboratório de Ferramentaria', 'Preventiva', 'Operando', '2026-06-13', 3),
('CAL-DB-02', 102, 'SN-CAL102', 'Caldeiraria', 'Preventiva', 'Operando', '2026-06-02', 4),
('CNC-RB-02', 103, 'SN-CNC103', 'Laboratório CNC', 'Preventiva', 'Operando', '2026-06-05', 1),
('QMI-MS-02', 104, 'SN-QMI104', 'Química', 'Preventiva', 'Operando', '2026-06-12', 6),
('MQA-75', 105, 'WEG-SERIE-99105', 'Galpão A - Linha 2', 'Preventiva', 'Operando', '2026-01-20', 1),
('MQA-76', 106, 'WEG-SERIE-99106', 'Subestação Secundária', 'Preditiva', 'Operando', '2025-12-15', 1),
('MQA-77', 107, 'WEG-SERIE-99107', 'Galpão A - Exaustor 3', 'Preventiva', 'Operando', '2026-03-05', 1),
('MQA-78', 108, 'WEG-SERIE-99108', 'Oficina Elétrica', 'Corretiva', 'Operando', '2026-05-18', 1),
('MQA-79', 109, 'WEG-SERIE-99109', 'Galpão B - Prensa 4', 'Preditiva', 'Operando', '2026-02-28', 1),
('MQA-80', 110, 'WEG-SERIE-99110', 'Esteira Transportadora A2', 'Preventiva', 'Em Manutenção', '2026-07-06', 1),
('MQA-81', 111, 'WEG-SERIE-99111', 'Galpão B - Elevador Hidráulico', 'Preventiva', 'Operando', '2026-04-20', 1),
('MQA-82', 112, 'WEG-SERIE-99112', 'Linha de Montagem Pesada', 'Preventiva', 'Operando', '2026-03-15', 1),
('MQB-75', 113, 'WEG-SERIE-99113', 'Sala de Painéis 2', 'Preditiva', 'Operando', '2026-05-22', 2),
('MQB-76', 114, 'WEG-SERIE-99114', 'Sala de Painéis Setorial', 'Preditiva', 'Operando', '2026-06-03', 2),
('MQB-77', 115, 'WEG-SERIE-99115', 'Painel Auxiliar Galpão D', 'Corretiva', 'Parado', '2026-07-04', 2),
('MQB-78', 116, 'WEG-SERIE-99116', 'Casa de Bombas - Alimentação', 'Preventiva', 'Operando', '2026-02-15', 2),
('MQB-79', 117, 'WEG-SERIE-99117', 'Sala de Controle Local', 'Preditiva', 'Operando', '2026-02-02', 2),
('MQB-80', 118, 'WEG-SERIE-99118', 'Braço Robótico Linha 3', 'Preventiva', 'Operando', '2026-04-10', 2),
('MQB-81', 119, 'WEG-SERIE-99119', 'Área de Envase Gases', 'Preventiva', 'Operando', '2025-11-22', 2),
('MQB-82', 120, 'WEG-SERIE-99120', 'Depósito de Insumos', 'Preventiva', 'Operando', '2026-03-28', 2),
('MQC-75', 121, 'WEG-SERIE-99121', 'Galpão C - Exaustão Central', 'Preventiva', 'Operando', '2026-05-05', 3),
('MQC-76', 122, 'WEG-SERIE-99122', 'Casa de Compressores - Reserva', 'Preditiva', 'Operando', '2026-06-18', 3),
('MQC-77', 123, 'WEG-SERIE-99123', 'Sala do Gerador Auxiliar', 'Preventiva', 'Operando', '2026-05-02', 3),
('MQC-78', 124, 'WEG-SERIE-99124', 'Usina de Co-geração Externa', 'Preditiva', 'Operando', '2025-12-10', 3),
('MQC-79', 125, 'WEG-SERIE-99125', 'Doca de Lavagem Secundária', 'Preventiva', 'Em Manutenção', '2026-07-07', 3),
('MQC-80', 126, 'WEG-SERIE-99126', 'Torre de Resfriamento 2', 'Preventiva', 'Operando', '2026-03-18', 3),
('MQC-81', 127, 'WEG-SERIE-99127', 'Moinho de Refugo', 'Preditiva', 'Operando', '2026-01-25', 3),
('MQC-82', 128, 'WEG-SERIE-99128', 'Pátio de Carga - Ponte', 'Preventiva', 'Operando', '2026-05-22', 3),
('MQD-75', 129, 'WEG-SERIE-99129', 'Siderurgia - Alto Forno 1', 'Corretiva', 'Parado', '2026-07-02', 4),
('MQD-76', 130, 'WEG-SERIE-99130', 'Captação de Água Industrial', 'Preventiva', 'Operando', '2026-03-02', 4),
('MQD-77', 131, 'WEG-SERIE-99131', 'Estação de Tratamento Secundária', 'Preventiva', 'Operando', '2026-04-15', 4),
('MQD-78', 132, 'WEG-SERIE-99132', 'Galpão D - Misturador Estático', 'Preditiva', 'Operando', '2026-06-22', 4),
('MQD-79', 133, 'WEG-SERIE-99133', 'Pequena Central Hidrelétrica II', 'Preventiva', 'Operando', '2025-10-30', 4),
('MQD-80', 134, 'WEG-SERIE-99134', 'Exaustor de Pó Flutuante', 'Preditiva', 'Operando', '2026-03-12', 4),
('MQD-81', 135, 'WEG-SERIE-99135', 'Sistema de Alarmes Fogo', 'Preventiva', 'Operando', '2026-06-02', 4),
('MQD-82', 136, 'WEG-SERIE-99136', 'Extrusora de Plásticos Linha 5', 'Preventiva', 'Operando', '2026-04-26', 4),
('MQE-75', 137, 'WEG-SERIE-99137', 'Área de Alimentos - Processamento', 'Preventiva', 'Operando', '2026-06-14', 5),
('MQE-76', 138, 'WEG-SERIE-99138', 'Chiller Auxiliar HVAC', 'Preventiva', 'Operando', '2026-05-10', 5),
('MQE-77', 139, 'WEG-SERIE-99139', 'Painel de Média Tensão Galpão F', 'Preditiva', 'Operando', '2026-02-20', 5),
('MQE-78', 140, 'WEG-SERIE-99140', 'Motobomba Auxiliar Incêndio', 'Preventiva', 'Operando', '2026-06-30', 5),
('MQE-79', 141, 'WEG-SERIE-99141', 'Setor de Carga - Elevador Carga 2', 'Preventiva', 'Em Manutenção', '2026-07-05', 5),
('MQE-80', 142, 'WEG-SERIE-99142', 'Triturador de Plásticos', 'Corretiva', 'Operando', '2026-04-20', 5),
('MQE-81', 143, 'WEG-SERIE-99143', 'Linha de Alta Precisão - Célula 2', 'Preditiva', 'Operando', '2026-06-08', 5),
('MQE-82', 144, 'WEG-SERIE-99144', 'Compressor Parafuso B4', 'Preventiva', 'Operando', '2026-05-28', 5),
('CNC-CU-03', 145, 'SN-CU145', 'Laboratório CNC', 'Preventiva', 'Operando', '2026-05-15', 1),
('CNC-TN-03', 146, 'SN-TN146', 'Laboratório CNC', 'Preventiva', 'Operando', '2026-06-05', 1),
('AJU-FR-13', 147, 'SN-FR147', 'Laboratório de Ajustagem', 'Preventiva', 'Operando', '2026-04-25', 2),
('AJU-FR-14', 148, 'SN-FR148', 'Laboratório de Ajustagem', 'Preventiva', 'Operando', '2026-04-28', 2),
('AJU-FR-15', 149, 'SN-FR149', 'Laboratório de Ajustagem', 'Preventiva', 'Parado', '2026-03-28', 2),
('AJU-FR-16', 150, 'SN-FR150', 'Laboratório de Ajustagem', 'Preventiva', 'Operando', '2026-03-02', 2),
('AJU-FR-17', 151, 'SN-FR151', 'Laboratório de Ajustagem', 'Preventiva', 'Em Manutenção', '2026-05-12', 2),
('AJU-FR-18', 152, 'SN-FR152', 'Laboratório de Ajustagem', 'Preventiva', 'Operando', '2026-05-18', 2),
('FER-FR-07', 153, 'SN-FER153', 'Laboratório de Ferramentaria', 'Preventiva', 'Operando', '2026-06-20', 3),
('FER-FR-08', 154, 'SN-FER154', 'Laboratório de Ferramentaria', 'Preventiva', 'Operando', '2026-06-22', 3),
('FER-FR-09', 155, 'SN-FER155', 'Laboratório de Ferramentaria', 'Preventiva', 'Operando', '2026-06-24', 3),
('FER-LX-03', 156, 'SN-LX156', 'Laboratório de Ferramentaria', 'Preventiva', 'Parado', '2026-05-26', 3),
('FER-ES-03', 157, 'SN-ES157', 'Laboratório de Ferramentaria', 'Preventiva', 'Operando', '2026-06-18', 3),
('CAL-ER-03', 158, 'SN-ER158', 'Caldeiraria', 'Preventiva', 'Operando', '2026-06-15', 4),
('CAL-MG-03', 159, 'SN-MG159', 'Caldeiraria', 'Preventiva', 'Operando', '2026-06-16', 4),
('CAL-JT-03', 160, 'SN-JT160', 'Caldeiraria', 'Preventiva', 'Parado', '2026-04-28', 4),
('CAL-FR-03', 161, 'SN-CAL161', 'Caldeiraria', 'Preventiva', 'Operando', '2026-06-01', 4),
('CAL-PC-03', 162, 'SN-PC162', 'Caldeiraria', 'Preventiva', 'Operando', '2026-06-18', 4),
('MAN-JC-05', 163, 'SN-JC163', 'Laboratório de Manutenção II', 'Preventiva', 'Em Manutenção', '2026-03-18', 5),
('MAN-JC-06', 164, 'SN-JC164', 'Laboratório de Manutenção II', 'Preventiva', 'Em Manutenção', '2026-03-22', 5),
('MAN-GH-03', 165, 'SN-GH165', 'Laboratório de Manutenção II', 'Preventiva', 'Operando', '2026-06-12', 5),
('MAN-PR-05', 166, 'SN-PR166', 'Laboratório de Manutenção II', 'Preventiva', 'Operando', '2026-06-14', 5),
('MAN-ES-04', 167, 'SN-ES167', 'Laboratório de Manutenção II', 'Preventiva', 'Operando', '2026-06-19', 5),
('MAN-LV-03', 168, 'SN-LV168', 'Laboratório de Manutenção II', 'Preventiva', 'Parado', '2026-03-01', 5),
('MAN-PR-06', 169, 'SN-PR169', 'Laboratório de Manutenção II', 'Preventiva', 'Operando', '2026-05-28', 5),
('CNC-CP-03', 170, 'SN-CNC170', 'Laboratório CNC', 'Preditiva', 'Operando', '2026-06-20', 1),
('FER-FN-03', 171, 'SN-FER171', 'Laboratório de Ferramentaria', 'Preventiva', 'Parado', '2026-04-20', 3),
('CAL-EX-03', 172, 'SN-CAL172', 'Caldeiraria', 'Preventiva', 'Operando', '2026-06-22', 4),
('CNC-PP-03', 173, 'SN-CNC173', 'Laboratório CNC', 'Preditiva', 'Operando', '2026-06-28', 1),
('MAN-PT-03', 174, 'SN-MAN174', 'Laboratório de Manutenção II', 'Preventiva', 'Em Manutenção', '2026-03-25', 5),
('FER-RT-03', 175, 'SN-FER175', 'Laboratório de Ferramentaria', 'Preventiva', 'Operando', '2026-06-16', 3),
('CAL-DB-03', 176, 'SN-CAL176', 'Caldeiraria', 'Preventiva', 'Operando', '2026-06-05', 4),
('CNC-RB-03', 177, 'SN-CNC177', 'Laboratório CNC', 'Preventiva', 'Operando', '2026-06-08', 1),
('QMI-MS-03', 178, 'SN-QMI178', 'Química', 'Preventiva', 'Operando', '2026-06-15', 6),
('MQA-90', 179, 'WEG-SERIE-99179', 'Galpão A - Linha 3', 'Preventiva', 'Operando', '2026-01-25', 1),
('MQA-91', 180, 'WEG-SERIE-99180', 'Subestação Terciária', 'Preditiva', 'Operando', '2025-12-20', 1),
('MQA-92', 181, 'WEG-SERIE-99181', 'Galpão A - Exaustor 4', 'Preventiva', 'Operando', '2026-03-10', 1),
('MQA-93', 182, 'WEG-SERIE-99182', 'Oficina Predial', 'Corretiva', 'Operando', '2026-05-22', 1),
('MQA-94', 183, 'WEG-SERIE-99183', 'Galpão B - Prensa 5', 'Preditiva', 'Operando', '2026-03-05', 1),
('MQA-95', 184, 'WEG-SERIE-99184', 'Esteira Transportadora A3', 'Preventiva', 'Em Manutenção', '2026-07-08', 1),
('MQA-96', 185, 'WEG-SERIE-99185', 'Galpão B - Guindaste Fixo', 'Preventiva', 'Operando', '2026-04-25', 1),
('MQA-97', 186, 'WEG-SERIE-99186', 'Linha de Montagem Componentes', 'Preventiva', 'Operando', '2026-03-20', 1),
('MQB-90', 187, 'WEG-SERIE-99187', 'Sala de Painéis 3', 'Preditiva', 'Operando', '2026-05-26', 2),
('MQB-91', 188, 'WEG-SERIE-99188', 'Sala de Painéis Geral', 'Preditiva', 'Operando', '2026-06-06', 2),
('MQB-92', 189, 'WEG-SERIE-99189', 'Painel Auxiliar Galpão E', 'Corretiva', 'Parado', '2026-07-05', 2),
('MQB-93', 190, 'WEG-SERIE-99190', 'Casa de Bombas - Drenagem', 'Preventiva', 'Operando', '2026-02-20', 2),
('MQB-94', 191, 'WEG-SERIE-99191', 'Sala de Monitoramento', 'Preditiva', 'Operando', '2026-02-10', 2),
('MQB-95', 192, 'WEG-SERIE-99192', 'Braço Robótico Linha 4', 'Preventiva', 'Operando', '2026-04-15', 2),
('MQB-96', 193, 'WEG-SERIE-99193', 'Área de Envase Combustíveis', 'Preventiva', 'Operando', '2025-11-26', 2),
('MQB-97', 194, 'WEG-SERIE-99194', 'Depósito de Embalagens', 'Preventiva', 'Operando', '2026-04-01', 2),
('MQC-90', 195, 'WEG-SERIE-99195', 'Galpão C - Renovação Ar', 'Preventiva', 'Operando', '2026-05-10', 3),
('MQC-91', 196, 'WEG-SERIE-99196', 'Casa de Compressores - Planta 2', 'Preditiva', 'Operando', '2026-06-22', 3),
('MQC-92', 197, 'WEG-SERIE-99197', 'Sala do Gerador Bloco B', 'Preventiva', 'Operando', '2026-05-08', 3),
('MQC-93', 198, 'WEG-SERIE-99198', 'Usina de Co-geração Bloco C', 'Preditiva', 'Operando', '2025-12-15', 3),
('MQC-94', 199, 'WEG-SERIE-99199', 'Doca de Lavagem Terciária', 'Preventiva', 'Em Manutenção', '2026-07-09', 3),
('MQC-95', 200, 'WEG-SERIE-99200', 'Torre de Resfriamento 3', 'Preventiva', 'Operando', '2026-03-22', 3)
('CNC-CU-04', 145, 'SN-CU201', 'Laboratório CNC', 'Preventiva', 'Operando', '2026-05-18', 1),
('CNC-CU-05', 145, 'SN-CU202', 'Laboratório CNC', 'Preventiva', 'Operando', '2026-05-20', 1),
('CNC-TN-04', 146, 'SN-TN203', 'Laboratório CNC', 'Preventiva', 'Operando', '2026-06-08', 1),
('CNC-TN-05', 146, 'SN-TN204', 'Laboratório CNC', 'Preventiva', 'Operando', '2026-06-10', 1),
('FER-LX-04', 156, 'SN-LX205', 'Laboratório de Ferramentaria', 'Preventiva', 'Operando', '2026-05-30', 3),
('FER-LX-05', 156, 'SN-LX206', 'Laboratório de Ferramentaria', 'Preventiva', 'Parado', '2026-06-01', 3),
('FER-ES-04', 157, 'SN-ES207', 'Laboratório de Ferramentaria', 'Preventiva', 'Operando', '2026-06-20', 3),
('FER-ES-05', 157, 'SN-ES208', 'Laboratório de Ferramentaria', 'Preventiva', 'Operando', '2026-06-22', 3),
('FER-FN-04', 171, 'SN-FER209', 'Laboratório de Ferramentaria', 'Preventiva', 'Parado', '2026-04-25', 3),
('CAL-JT-04', 160, 'SN-JT210', 'Caldeiraria', 'Preventiva', 'Parado', '2026-05-02', 4),
('CAL-JT-05', 160, 'SN-JT211', 'Caldeiraria', 'Preventiva', 'Operando', '2026-05-05', 4),
('CAL-EX-04', 172, 'SN-CAL212', 'Caldeiraria', 'Preventiva', 'Operando', '2026-06-25', 4),
('MAN-GH-04', 165, 'SN-GH213', 'Laboratório de Manutenção II', 'Preventiva', 'Operando', '2026-06-16', 5),
('MAN-GH-05', 165, 'SN-GH214', 'Laboratório de Manutenção II', 'Preventiva', 'Operando', '2026-06-18', 5),
('MAN-LV-04', 168, 'SN-LV215', 'Laboratório de Manutenção II', 'Preventiva', 'Parado', '2026-03-05', 5),
('MAN-LV-05', 168, 'SN-LV216', 'Laboratório de Manutenção II', 'Preventiva', 'Operando', '2026-03-10', 5),
('MAN-PT-04', 174, 'SN-MAN217', 'Laboratório de Manutenção II', 'Preventiva', 'Em Manutenção', '2026-03-28', 5);

-- 6. ALMOXARIFADO - PEÇAS
INSERT INTO Almoxarifado_Pecas (id_peca, nome_peca, quantidade_estoque, unidade_medida, custo_unitario) VALUES
(1, 'Rolamento de Esferas SKF 6204', 150, 'Unidade', 24.50),
(2, 'Rolamento de Rolos Cônicos 32208', 85, 'Unidade', 89.90),
(3, 'Retentor Nitrílico 40x60x10', 300, 'Unidade', 12.30),
(4, 'Correia em V Gates A-42', 120, 'Unidade', 35.00),
(5, 'Correia Dentada Synchronous 150XL', 60, 'Unidade', 48.00),
(6, 'Acoplamento Flexível de Borracha AL90', 45, 'Unidade', 72.10),
(7, 'Graxa de Lítio NLGI 2 - Balde 18kg', 15, 'Unidade', 320.00),
(8, 'Óleo Hidráulico ISO VG 68', 200, 'Litro', 18.50),
(9, 'Óleo para Engrenagens ISO VG 220', 150, 'Litro', 22.00),
(10, 'Filtro de Ar para Compressor GA37', 30, 'Unidade', 145.00),
(11, 'Filtro de Óleo Spin-on Hidráulico', 50, 'Unidade', 85.50),
(12, 'Eletrodo Revestido OK 48.04 3.25mm', 80, 'Quilo', 28.90),
(13, 'Arame de Solda MIG ER70S-6 1.2mm', 40, 'Rolo', 195.00),
(14, 'Bico de Contato MIG M8x30 1.2mm', 500, 'Unidade', 4.50),
(15, 'Bocal de Gás para Tocha MIG', 150, 'Unidade', 18.20),
(16, 'Disco de Corte para Metal 7 Polegadas', 600, 'Unidade', 8.90),
(17, 'Disco de Desbaste Flap Grão 40', 450, 'Unidade', 11.50),
(18, 'Fita Veda Rosca PTFE 18mm x 50m', 250, 'Unidade', 6.80),
(19, 'Fita Isolante 3M Imperial 20m', 300, 'Unidade', 9.50),
(20, 'Fita Crepe Alta Temperatura 24mm', 120, 'Unidade', 7.20),
(21, 'Lixa d Água Grão 120', 500, 'Unidade', 1.80),
(22, 'Lixa d Água Grão 220', 500, 'Unidade', 1.80),
(23, 'Lixa d Água Grão 400', 400, 'Unidade', 2.10),
(24, 'Pastilha de Metal Duro WNMG 080408', 200, 'Unidade', 32.00),
(25, 'Suporte de Torneamento Externo MWLNR', 12, 'Unidade', 245.00),
(26, 'Broca Helicoidal HSS 6.0mm', 100, 'Unidade', 14.50),
(27, 'Broca Helicoidal HSS 8.0mm', 80, 'Unidade', 19.80),
(28, 'Broca Helicoidal HSS 10.0mm', 60, 'Unidade', 27.00),
(29, 'Macho Manual de Roscar M8 x 1.25', 25, 'Jogo', 65.00),
(30, 'Macho Manual de Roscar M10 x 1.50', 20, 'Jogo', 82.00),
(31, 'Parafuso Sextavado M8 x 40 Zincado', 1500, 'Unidade', 0.85),
(32, 'Parafuso Sextavado M10 x 50 Classe 8.8', 1200, 'Unidade', 1.40),
(33, 'Parafuso Sextavado M12 x 60 Classe 10.9', 800, 'Unidade', 2.60),
(34, 'Porca Sextavada Auto Travante M8', 2000, 'Unidade', 0.35),
(35, 'Porca Sextavada Auto Travante M10', 1800, 'Unidade', 0.55),
(36, 'Arruela Lisa M8 Zincada', 3000, 'Unidade', 0.12),
(37, 'Arruela Lisa M10 Zincada', 2500, 'Unidade', 0.18),
(38, 'Arruela de Pressão M12', 1500, 'Unidade', 0.25),
(39, 'Anel Elástico para Eixo Din 471 - 20mm', 400, 'Unidade', 0.90),
(40, 'Anel Elástico para Furo Din 472 - 47mm', 350, 'Unidade', 1.20),
(41, 'Chaveta Retangular 8x7x1000mm', 15, 'Metro', 45.00),
(42, 'Chaveta Retangular 10x8x1000mm', 10, 'Metro', 58.00),
(43, 'Manômetro de Pressão 0-10 Bar G1/4', 35, 'Unidade', 79.90),
(44, 'Sensor Indutivo PNP NA M12', 40, 'Unidade', 115.00),
(45, 'Sensor Capacitivo M18 NPN NC', 25, 'Unidade', 145.00),
(46, 'Fim de Curso Pneumático Tipo Rolete', 50, 'Unidade', 54.00),
(47, 'Válvula Solenoide 5/2 Vias G1/4 24VCC', 20, 'Unidade', 189.00),
(48, 'Bobina para Válvula Solenoide 24VCC', 35, 'Unidade', 45.00),
(49, 'Cilindro Pneumático Mini-Iso DSNU-20-50', 15, 'Unidade', 210.00),
(50, 'Conexão Reta Pneumática Instantânea 8mm', 500, 'Unidade', 3.80),
(51, 'Conexão Cotovelo Pneumático 6mm', 400, 'Unidade', 4.20),
(52, 'Tubo de Poliuretano Azul 8mm', 200, 'Metro', 2.50),
(53, 'Tubo de Poliuretano Azul 6mm', 300, 'Metro', 1.80),
(54, 'Contator de Potência 3RT 9A 220V', 45, 'Unidade', 98.00),
(55, 'Contator de Potência 3RT 18A 220V', 30, 'Unidade', 135.00),
(56, 'Relé de Sobrecarga Térmico 7-10A', 25, 'Unidade', 89.00),
(57, 'Disjuntor Motor 3RV 10-16A', 20, 'Unidade', 210.00),
(58, 'Disjuntor Termomagnético Monofásico 10A', 80, 'Unidade', 16.50),
(59, 'Disjuntor Termomagnético Trifásico 20A', 60, 'Unidade', 54.00),
(60, 'Fusível NH00 gG 100A', 40, 'Unidade', 35.00),
(61, 'Base para Fusível NH00', 15, 'Unidade', 48.00),
(62, 'Chave Seletora de 2 Posições Fixas', 50, 'Unidade', 24.00),
(63, 'Botão de Emergência Cogumelo Gira-destrava', 40, 'Unidade', 42.50),
(64, 'Bloco de Contato NA para Botão', 150, 'Unidade', 8.50),
(65, 'Bloco de Contato NF para Botão', 150, 'Unidade', 8.50),
(66, 'Sinaleiro LED Vermelho 220VCA', 60, 'Unidade', 12.00),
(67, 'Sinaleiro LED Verde 220VCA', 60, 'Unidade', 12.00),
(68, 'Termopar Tipo J Rosca G1/2', 15, 'Unidade', 95.00),
(69, 'Controlador de Temperatura Digital PID', 10, 'Unidade', 340.00),
(70, 'Resistência Tubular de Imersão 3000W 220V', 12, 'Unidade', 185.00),
(71, 'Cabo Flexível PP 4x2.5mm²', 150, 'Metro', 14.20),
(72, 'Cabo Flexível PP 3x1.5mm²', 200, 'Metro', 9.80),
(73, 'Terminal Ilhós Tubular 1.5mm²', 1000, 'Unidade', 0.15),
(74, 'Terminal Ilhós Tubular 2.5mm²', 1000, 'Unidade', 0.18),
(75, 'Abraçadeira de Nylon Branca 200x4.8mm', 2000, 'Unidade', 0.10),
(76, 'Canaleta Recortada de PVC 30x30mm', 50, 'Metro', 18.50),
(77, 'Trilho Din de Alumínio perfurado 1m', 40, 'Unidade', 12.00),
(78, 'Borne de Passagem SAK 2.5mm²', 500, 'Unidade', 2.30),
(79, 'Poste Final de Fixação para Trilho Din', 100, 'Unidade', 1.50),
(80, 'Prensa Cabo Plástico PG11 Grey', 150, 'Unidade', 3.40),
(81, 'Eletroduto Flexível Corrugado 3/4 polegada', 100, 'Metro', 4.50),
(82, 'Válvula Esfera de Latão 1/2 polegada BSP', 45, 'Unidade', 29.90),
(83, 'Válvula Esfera de Latão 1 polegada BSP', 30, 'Unidade', 58.00),
(84, 'Filtro regulador de Pressão de Ar 1/4', 18, 'Unidade', 165.00),
(85, 'Lubrificador de Ar Linha Pneumática 1/4', 15, 'Unidade', 125.00),
(86, 'Niple Duplo de Latão 1/4 BSP', 100, 'Unidade', 4.80),
(87, 'Espigão para Mangueira 1/4 BSP x 5/16', 150, 'Unidade', 5.20),
(88, 'Mangueira de Borracha Trançada 5/16', 150, 'Metro', 8.90),
(89, 'Abraçadeira Rosca Sem Fim 12-20mm Inox', 300, 'Unidade', 3.20),
(90, 'Estopa de Algodão para Limpeza', 80, 'Quilo', 16.00),
(91, 'Desengraxante Industrial Concentrado Eco', 120, 'Litro', 14.50),
(92, 'Desengripante Spray WD-40 300ml', 85, 'Unidade', 26.90),
(93, 'Silicone Acético Preto Alta Temperatura 85g', 60, 'Unidade', 19.50),
(94, 'Trava Química Loctite 242 Torque Médio 50g', 15, 'Unidade', 115.00),
(95, 'Trava Química Loctite 271 Alta Resistência 50g', 12, 'Unidade', 120.00),
(96, 'Retentor de Rolamentos Loctite 609 50g', 10, 'Unidade', 135.00),
(97, 'Aditivo Radiador Solúvel Sintético', 100, 'Litro', 24.00),
(98, 'Detergente Neutro Industrial para Lavadora de Peças', 80, 'Litro', 11.50),
(99, 'Pincel para Pintura de Maquinário 2 Polegadas', 30, 'Unidade', 7.50),
(100, 'Tinta Esmalte Sintético Cinza Munsell N6.5', 40, 'Litro', 38.00),
(101, 'Rolamento de Auto-Compensador de Rolos 22212', 40, 'Unidade', 185.00),
(102, 'Rolamento de Agulhas HK 1512', 120, 'Unidade', 14.20),
(103, 'Retentor Nitrílico Viton 25x42x7', 150, 'Unidade', 34.00),
(104, 'Correia em V Gates B-55', 90, 'Unidade', 48.00),
(105, 'Correia Dentada Synchronous 220H', 45, 'Unidade', 62.00),
(106, 'Acoplamento Elástico de Borracha AL110', 30, 'Unidade', 98.00),
(107, 'Graxa de Lítio Especial Azul - Pote 1kg', 80, 'Unidade', 42.00),
(108, 'Óleo Hidráulico Premium ISO VG 46', 300, 'Litro', 21.00),
(109, 'Óleo Sintético para Compressor de Parafuso', 180, 'Litro', 49.00),
(110, 'Filtro Separador de Ar e Óleo GA45', 20, 'Unidade', 385.00),
(111, 'Elemento Filtrante coalescente de Ar', 40, 'Unidade', 110.00),
(112, 'Eletrodo Inox OK 61.30 2.5mm', 50, 'Quilo', 85.00),
(113, 'Arame de Solda Inox MIG 308L 1.0mm', 15, 'Rolo', 410.00),
(114, 'Bico de Contato MIG M8x30 1.0mm', 300, 'Unidade', 4.50),
(115, 'Isolador de Tocha MIG 250A', 100, 'Unidade', 12.50),
(116, 'Disco de Corte Inox Extra Fino 4.5 Polegadas', 1000, 'Unidade', 4.20),
(117, 'Disco de Desbaste Flap Grão 80', 300, 'Unidade', 11.50),
(118, 'Fita Isolante 3M Scotch 33+ Premium', 100, 'Unidade', 24.50),
(119, 'Fita crepe Pintura Azul Sol 24mm', 80, 'Unidade', 16.20),
(120, 'Lixa d Água Grão 600', 300, 'Unidade', 2.20),
(121, 'Lixa d Água Grão 1200', 200, 'Unidade', 2.80),
(122, 'Pastilha de Metal Duro CNMG 120408', 350, 'Unidade', 34.50),
(123, 'Suporte de Mandrilamento Interno S20R', 8, 'Unidade', 310.00),
(124, 'Broca Helicoidal HSS 12.0mm', 40, 'Unidade', 36.50),
(125, 'Broca Helicoidal HSS 16.0mm', 25, 'Unidade', 62.00),
(126, 'Macho de Roscar M6 x 1.00 Helicoidal', 35, 'Unidade', 42.00),
(127, 'Macho de Roscar M12 x 1.75 Canal Reto', 15, 'Jogo', 110.00),
(128, 'Parafuso Sextavado M6 x 20 Zincado', 2000, 'Unidade', 0.45),
(129, 'Parafuso Sextavado M16 x 80 Classe 8.8', 500, 'Unidade', 4.90),
(130, 'Parafuso de Fenda Allen Sem Cabeça M8x12', 1000, 'Unidade', 0.65),
(131, 'Porca Sextavada Auto Travante M12', 1200, 'Unidade', 0.85),
(132, 'Porca Sextavada Auto Travante M16', 600, 'Unidade', 1.95),
(133, 'Arruela Lisa M12 Zincada', 2000, 'Unidade', 0.28),
(134, 'Arruela de Pressão M16', 1000, 'Unidade', 0.48),
(135, 'Arruela Lisa M16 Zincada', 1200, 'Unidade', 0.38),
(136, 'Anel Elástico para Eixo DIN 471 - 35mm', 300, 'Unidade', 1.65),
(137, 'Anel Elástico para Furo DIN 472 - 62mm', 250, 'Unidade', 2.10),
(138, 'Chaveta Quadrada Inox 8x8x1000mm', 12, 'Metro', 112.00),
(139, 'Chaveta Quadrada Inox 12x12x1000mm', 8, 'Metro', 165.00),
(140, 'Manômetro de Glicerina 0-400 Bar G1/2', 15, 'Unidade', 185.00),
(141, 'Sensor Óptico Difuso NPN M18', 30, 'Unidade', 195.00),
(142, 'Sensor Ultrassônico Industrial PNP', 10, 'Unidade', 850.00),
(143, 'Fim de Curso Tipo Haste Flexível', 40, 'Unidade', 68.00),
(144, 'Válvula Solenoide 3/2 Vias G1/8 110VCA', 25, 'Unidade', 154.00),
(145, 'Bobina para Válvula Solenoide 220VCA', 40, 'Unidade', 49.00),
(146, 'Cilindro Pneumático Compacto ADVU-32-25', 12, 'Unidade', 290.00),
(147, 'Conexão Reta Pneumática Instantânea 10mm', 300, 'Unidade', 5.20),
(148, 'Conexão em T Pneumático 8mm', 250, 'Unidade', 6.80),
(149, 'Tubo de Poliuretano Azul 10mm', 150, 'Metro', 4.10),
(150, 'Contator de Potência 3RT 25A 24VCC', 20, 'Unidade', 190.00),
(151, 'Contator de Potência 3RT 40A 220V', 15, 'Unidade', 285.00),
(152, 'Relé de Sobrecarga Térmico 12-18A', 20, 'Unidade', 115.00),
(153, 'Disjuntor Motor 3RV 20-25A', 15, 'Unidade', 290.00),
(154, 'Disjuntor Termomagnético Monofásico 20A', 100, 'Unidade', 17.00),
(155, 'Disjuntor Termomagnético Trifásico 40A', 45, 'Unidade', 68.00),
(156, 'Fusível NH00 gG 160A', 30, 'Unidade', 39.90),
(157, 'Chave Seletora de 3 Posições Manter', 45, 'Unidade', 29.00),
(158, 'Botão Pulsador Iluminado Verde 220V', 60, 'Unidade', 38.00),
(159, 'Botão Pulsador Iluminado Vermelho 220V', 60, 'Unidade', 38.00),
(160, 'Sinaleiro LED Amarelo 220VCA', 50, 'Unidade', 12.00),
(161, 'Sinaleiro Buzzer com Flash 220VCA', 25, 'Unidade', 45.00),
(162, 'Termoresistência PT100 Tipo Cabeçote', 18, 'Unidade', 185.00),
(163, 'Transmissor de Pressão 4-20mA 0-10 Bar', 12, 'Unidade', 420.00),
(164, 'Resistência Plana Cerâmica para Injetora', 15, 'Unidade', 260.00),
(165, 'Cabo Blindado para Sensor 4x0.25mm²', 250, 'Metro', 7.50),
(166, 'Terminal Pré-Isolado Fêmea Azul 2.5mm²', 800, 'Unidade', 0.22),
(167, 'Abraçadeira de Nylon Preta 300x7.6mm', 1000, 'Unidade', 0.28),
(168, 'Canaleta Recortada de PVC 50x50mm', 30, 'Metro', 29.00),
(169, 'Borne de Passagem Terra Verde-Amarelo 4mm²', 200, 'Unidade', 4.50),
(170, 'Prensa Cabo Latão Niquelado PG16', 80, 'Unidade', 14.80),
(171, 'Eletroduto Flexível Metálico Revestido 1/2', 100, 'Metro', 12.50),
(172, 'Válvula Agulha para Alta Pressão 1/4 BSP', 15, 'Unidade', 145.00),
(173, 'Filtro Regulador de Pressão de Ar 1/2', 12, 'Unidade', 295.00),
(174, 'Niple Duplo de Latão Redução 1/2 x 1/4', 80, 'Unidade', 6.90),
(175, 'Espigão para Mangueira 1/2 BSP x 1/2', 100, 'Unidade', 8.50),
(176, 'Mangueira de Sucção Espiralada Amarela 1 polegada', 100, 'Metro', 24.50),
(177, 'Abraçadeira Tucho Reforçada para Alta Pressão', 120, 'Unidade', 9.50),
(178, 'Pasta Lubrificante Antigripante base Cobre', 25, 'Unidade', 65.00),
(179, 'Grafite em Pó Lubrificante Seco 200g', 50, 'Unidade', 14.00),
(180, 'Cola Adesivo de Cianoacrilato Tekbond 793', 100, 'Unidade', 18.50),
(181, 'Removedor de Ferrugem Químico Fosfatizante', 50, 'Litro', 16.50),
(182, 'Solvente Querosene Industrial', 100, 'Litro', 12.00),
(183, 'Tinta Epóxi Piso Cinza Médio - Kit 3.6L', 15, 'Unidade', 280.00),
(184, 'Rolo de Lã de Carneiro para Pintura 23cm', 20, 'Unidade', 22.50),
(185, 'Escova de Aço Circular para Esmeril', 35, 'Unidade', 42.00),
(186, 'Rolamento de Rolos Cilíndricos NJ 206', 45, 'Unidade', 115.00),
(187, 'Anel de Vedação O-ring Nitrílica Kit 30 Medidas', 15, 'Jogo', 85.00),
(188, 'Correia em V Gates C-80', 40, 'Unidade', 124.00),
(189, 'Placa de Desgaste de Bronze Grafitado', 10, 'Unidade', 380.00),
(190, 'Graxa de Alta Temperatura Base Cobre - 1kg', 30, 'Unidade', 115.00),
(191, 'Óleo Protetivo de Superfícies Contra Corrosão', 120, 'Litro', 28.00),
(192, 'Filtro de Ar de Cabine Soprador', 25, 'Unidade', 95.00),
(193, 'Eletrodo Revestido de Ferro Fundido OK 92.18', 15, 'Quilo', 310.00),
(194, 'Tocha MIG/MAG Completa Euroconector 3m', 10, 'Unidade', 450.00),
(195, 'Bico de Corte Oxigênio/Acetileno 1502 nº 4', 40, 'Unidade', 34.00),
(196, 'Mangueira Dupla Oxigênio/Acetileno 5/16 Verde/Vermelha', 120, 'Metro', 18.50),
(197, 'Regulador de Pressão para Cilindro de Nitrogênio', 8, 'Unidade', 410.00),
(198, 'Chave de Fenda Isolada 1000V 1/4x6', 30, 'Unidade', 22.00),
(199, 'Chave Philips Isolada 1000V PH2x125', 30, 'Unidade', 24.50),
(200, 'Alicate Universal Isolado 8 Polegadas Gedore', 25, 'Unidade', 89.90);

-- 7. ALMOXARIFADO - FERRAMENTAS
INSERT INTO Almoxarifado_Ferramentas (nome_ferramenta, status_ferramenta) VALUES
('Paquímetro Universal 150mm', 'Em Uso'),
('Paquímetro Digital 150mm', 'Disponível'),
('Paquímetro Quadrimensional 200mm', 'Solicitada'),
('Paquímetro Digital 200mm', 'Manutenção/Calibração'),
('Paquímetro de Profundidade 150mm', 'Disponível'),
('Paquímetro de Profundidade 300mm', 'Disponível'),
('Paquímetro Universal 300mm', 'Extraviada'),
('Paquímetro Digital 300mm', 'Disponível'),
('Paquímetro com Relógio 150mm', 'Disponível'),
('Paquímetro com Relógio 200mm', 'Disponível'),
('Paquímetro de Bico Longo 500mm', 'Em Uso'),
('Paquímetro de Carbono 1000mm', 'Disponível'),
('Paquímetro Analógico Heavy Duty', 'Disponível'),
('Paquímetro Digital IP67 à prova d''água', 'Disponível'),
('Paquímetro para Canais Internos', 'Solicitada'),
('Paquímetro para Canais Externos', 'Disponível'),
('Paquímetro de Compressão para Engrenagens', 'Disponível'),
('Paquímetro com Trava por Mola 150mm', 'Disponível'),
('Paquímetro de Plástico para Baixa Precisão', 'Disponível'),
('Paquímetro Digital de Alta Precisão Mitutoyo', 'Manutenção/Calibração'),
('Fita métrica 50m Fibra de Vidro Laranja', 'Disponível'),
('Fita métrica 50m Fibra de Vidro Amarela', 'Disponível'),
('Fita métrica 50m Aço Inoxidável', 'Em Uso'),
('Fita métrica 50m Emborrachada Antivandalo', 'Disponível'),
('Fita métrica 50m Caixa Fechada', 'Solicitada'),
('Fita métrica 50m Caixa Aberta Pro', 'Disponível'),
('Fita métrica 50m Starrett', 'Disponível'),
('Fita métrica 50m Lufkin', 'Manutenção/Calibração'),
('Fita métrica 50m Stanley', 'Disponível'),
('Fita métrica 50m Vonder', 'Disponível'),
('Fita métrica 50m com Manivela Retrátil', 'Disponível'),
('Fita métrica 50m Especial Topografia', 'Disponível'),
('Fita métrica 50m Graduação Milimetrada', 'Em Uso'),
('Fita métrica 50m Graduação em Polegadas', 'Disponível'),
('Fita métrica 50m Alta Resistência Térmica', 'Disponível'),
('Fita métrica 50m Revestida em Nylon', 'Disponível'),
('Fita métrica 50m Flexível Alta Precisão', 'Disponível'),
('Fita métrica 50m com Gancho Tipo Garra', 'Solicitada'),
('Fita métrica 50m com Trava Rápida', 'Disponível'),
('Fita métrica 50m Corpo em ABS', 'Disponível'),
('Micrômetro Externo 0-25mm', 'Disponível'),
('Micrômetro Externo 25-50mm', 'Disponível'),
('Micrômetro Externo 50-75mm', 'Em Uso'),
('Micrômetro Externo 75-100mm', 'Disponível'),
('Micrômetro Digital Externo 0-25mm', 'Disponível'),
('Micrômetro Digital Externo 25-50mm', 'Manutenção/Calibração'),
('Micrômetro de Profundidade 0-100mm', 'Disponível'),
('Micrômetro Interno de 3 Contatos 12-16mm', 'Solicitada'),
('Micrômetro Interno de 3 Contatos 16-20mm', 'Disponível'),
('Micrômetro Interno Tubular 50-250mm', 'Disponível'),
('Micrômetro para Engrenagens 0-25mm', 'Disponível'),
('Micrômetro de Disco para Espessuras', 'Disponível'),
('Micrômetro com Faces de Metal Duro', 'Em Uso'),
('Micrômetro Conta-Fios', 'Disponível'),
('Micrômetro de Pontas para Sulcos', 'Disponível'),
('Micrômetro Digital IP65 Mitutoyo', 'Disponível'),
('Micrômetro de Tubos 0-25mm', 'Disponível'),
('Micrômetro com Relógio Comparador', 'Solicitada'),
('Micrômetro Externo Esférico', 'Disponível'),
('Micrômetro de Lâminas para Entalhes', 'Disponível'),
('Nível de precisão Linear 150mm', 'Solicitada'),
('Nível de precisão Linear 200mm', 'Disponível'),
('Nível de precisão Linear 300mm', 'Disponível'),
('Nível de precisão Prismático 150mm', 'Disponível'),
('Nível de precisão Prismático 200mm', 'Em Uso'),
('Nível de precisão Quadrado 150x150mm', 'Disponível'),
('Nível de precisão Quadrado 200x200mm', 'Manutenção/Calibração'),
('Nível de precisão Digital Eletrônico', 'Disponível'),
('Nível de precisão Magnético 200mm', 'Disponível'),
('Nível de precisão Inclinômetro Digital', 'Disponível');

-- 8. MATRIZ DE RISCOS (EPI)
INSERT INTO Matriz_Riscos_EPI (id_risco, risco_nr01, epis_obrigatorios) VALUES
-- Registros originais solicitados (1 a 17)
(1, 'Mecânico / Projeção de Partículas', 'Óculos de proteção, Protetor auricular, Bota de segurança'),
(2, 'Químico / Manuseio de Produtos', 'Luvas nitrílicas, Óculos ampla visão, Avental impermeável'),
(3, 'Ergonômico / Movimentação de Carga', 'Cinta ergonômica, Sapato de segurança com biqueira'),
(4, 'Físico / Ruído e Vibração', 'Abafador de ruído tipo concha, Luvas antivibração'),
(5, 'Elétrico / Alta Tensão e Choque', 'Luvas isolantes de borracha, Sapato de segurança sem componentes metálicos, Protetor facial contra arco elétrico'),
(6, 'Térmico / Altas Temperatures', 'Luva de raspa de couro, Avental de raspa, Perneira de raspa'),
(7, 'Radiação Não Ionizante / Soldagem', 'Máscara de solda com filtro de escurecimento automático, Blusão de raspa, Luva de vaqueta para soldador'),
(8, 'Trabalho em Altura / Pontes mecânicas', 'Cinto de segurança tipo paraquedista, Talabarte duplo, Capacete com jugular'),
(9, 'Espaço Confinado / Tanques e Fornos', 'Exaustor de ar portátil, Detector de gases portátil, Tripé de resgate'),
(10, 'Corte e Desbaste / Policorte e Esmeril', 'Protetor facial incolor (Face Shield), Avental de raspa, Luva de raspa'),
(11, 'Laser Industrial / Alinhamento Óptico', 'Óculos de proteção contra radiação laser específica'),
(12, 'Riscos Biológicos / Troca de Solúvel', 'Máscara respiratória PFF2, Luvas de cano longo de PVC, Avental químico'),
(13, 'Manuseio de Vidrarias / Lab Química', 'Óculos de proteção policarbonato, Luvas de malha de kevlar anticorte'),
(14, 'Atmosferas Inflamáveis / Vapores', 'Vestimenta antiestática, Calçado condutivo, Lanterna intrinsecamente segura'),
(15, 'Queda de Objetos / Cargas Suspensas', 'Capacete de proteção industrial, Bota com biqueira de aço composto'),
(16, 'Poeiras Metálicas / Jateamento', 'Máscara facial inteira com filtro contra poeiras industriais'),
(17, 'Alta Pressão / Circuitos Hidráulicos', 'Óculos de segurança ampla visão impacto, Barreira física, Protetor auricular concha'),
(18, 'Fumos Metálicos de Cobre / Bobinagem de Estatores', 'Respirador semifacial com filtro mecânico P2 contra poeiras, névoas e fumos'),
(19, 'Fumos de Chumbo / Soldagem de Placas Eletrônicas', 'Respirador semifacial com filtro combinado químico e mecânico P3'),
(20, 'Névoas de Solventes / Cabine de Pintura de Motores', 'Respirador facial inteiro com filtro químico contra vapores orgânicos e óculos integrados'),
(21, 'Vapores de Verniz Isolante / Processo de Impregnação', 'Respirador semifacial com filtro contra vapores orgânicos e óculos de proteção contra respingos'),
(22, 'Poeira de Sílica Livre / Preparação de Moldes de Fundição', 'Respirador semifacial com filtro mecânico P3 de alta eficiência'),
(23, 'Poeira de Ferro / Rebarbação de Peças Fundidas', 'Óculos de proteção ampla visão, respirador semifacial P2 e luvas de raspa de couro'),
(24, 'Manuseio de Ácido Sulfúrico / Galvanoplastia', 'Avental de PVC impermeável, botas de PVC com biqueira de aço, luvas de neoprene e protetor facial'),
(25, 'Manuseio de Soda Cáustica / Limpeza de Peças Metálicas', 'Luvas de borracha nitrílica longa, avental impermeável, botas de borracha e óculos ampla visão'),
(26, 'Manuseio de Resina Epóxi / Vedação de Painéis Elétricos', 'Luvas descartáveis de nitrila fina para sensibilidade tátil e óculos de segurança contra respingos'),
(27, 'Contato com Óleos Lubrificantes / Manutenção Mecânica', 'Luvas nitrílicas texturizadas e calçado de segurança de couro com biqueira de aço'),
(28, 'Contato com Óleo de Corte Solúvel / Operação de Tornos CNC', 'Luvas nitrílicas de alta resistência química e óculos de segurança com proteção lateral'),
(29, 'Exposição a Agentes Biológicos / Estação de Tratamento de Efluentes', 'Luvas de látex reforçadas, botas de borracha de cano longo, respirador P2 e óculos contra respingos'),
(30, 'Corte nas Mãos / Manuseio de Chapas Magnéticas de Motores', 'Luvas de proteção mecânica com alta resistência ao corte em Kevlar ou fio de aço'),
(31, 'Choque Elétrico / Ensaios de Rotina de Baixa Tensão', 'Luvas de isolamento elétrico Classe 00 (até 500V) com luvas de cobertura em couro'),
(32, 'Choque Elétrico / Testes de Motores de Média Tensão', 'Luvas de isolamento elétrico Classe 2 (até 17.000V) com luvas de cobertura em couro'),
(33, 'Arco Elétrico e Queimaduras / Painéis de Força (CCM)', 'Vestimenta resistente ao arco elétrico de categoria adequada, balaclava e luvas dielétricas'),
(34, 'Poeira de Carvão / Manutenção de Escovas de Motores Síncronos', 'Respirador semifacial P2 e óculos de segurança com vedação em espuma contra poeiras'),
(35, 'Queimadura por Contato / Carcaça Quente de Motores em Teste', 'Luvas com isolamento térmico de alta temperatura (até 250°C)'),
(36, 'Exposição a Tolueno / Laboratório de Análises Químicas', 'Respirador semifacial com filtro contra vapores orgânicos e luvas de borracha butílica'),
(37, 'Operação com Jateamento / Granalha de Aço em Fundidos', 'Blusão de jatista com capuz pressurizado de ar limpo, luvas longas de raspa e botas de couro'),
(38, 'Névoas de Tinta em Pó / Pintura Eletrostática', 'Respirador semifacial contra poeiras finas P2 e macacão de proteção descartável'),
(39, 'Contato com Cimento e Argamassa / Obras Civis Internas', 'Luvas de PVC ásperas, óculos ampla visão e botas de borracha de PVC'),
(40, 'Operação de Lixamento / Preparação de Estatores antes da Pintura', 'Respirador semifacial contra poeiras incômodas e óculos de proteção contra partículas'),
(41, 'Impacto de Peças / Montagem Manual de Caixas de Ligação', 'Luvas com proteção contra impactos no dorso e calçado de segurança de couro'),
(42, 'Arco Elétrico / Instalações de Alta Tensão (Subestações)', 'Vestimenta retardante de chama classe 4, capuz com visor contra arco e luvas isolantes'),
(43, 'Manuseio de Argônio Líquido / Cilindros sob Alta Pressão', 'Luvas de raspa de couro tratada para criogenia, óculos de proteção ampla visão e protetor facial'),
(44, 'Manuseio de Metiletilcetona (MEK) / Limpeza de Placas', 'Respirador com filtro químico para vapores orgânicos e luvas de barreira química laminadas'),
(45, 'Operação de Oxicorte / Estruturas Metálicas Pesadas', 'Óculos de maçariqueiro com lentes verde tonalidade 5 e luvas de raspa de couro tipo cano longo'),
(46, 'Respingo de Metal Líquido / Injeção de Alumínio em Rotores', 'Avental de raspa aluminizado, perneiras aluminizadas e capuz com visor de policarbonato verde'),
(47, 'Exposição a Ruído / Teste de Geradores Pesados', 'Protetor auricular tipo concha com cancelamento de ruído ativo e protetor de inserção acoplado'),
(48, 'Manuseio de Xileno / Setor de Diluição de Tintas Industriais', 'Respirador facial inteiro com filtro contra vapores orgânicos e luvas de borracha nitrílica longa'),
(49, 'Manuseio de Soda Líquica Concentrada / Purificação de Água', 'Luvas de PVC longas de alta resistência a bases, óculos de segurança ampla visão e avental de PVC'),
(50, 'Impacto de Estilhaços / Rebolo de Esmeril em Bancada', 'Protetor facial incolor de policarbonato de alta resistência e óculos de segurança de policarbonato'),
(51, 'Desprendimento de Poeira de Asbesto / Caldeiras Antigas', 'Respirador facial com filtro mecânico P3 e macacão Tyvek impermeável a partículas'),
(52, 'Projeção de Limalhas / Furação de Chapas com Furadeiras', 'Óculos de segurança com proteção lateral integrada e luvas de lona leve'),
(53, 'Operação de Desmoldagem / Areia na Fundição de Ferro', 'Respirador semifacial P2, óculos de proteção contra poeiras e luvas de raspa de couro pesadas'),
(54, 'Caldeiraria Pesada / Marretamento de Chapas de Aço', 'Óculos de segurança com lentes antiembaçantes, protetor auricular e luvas de raspa com reforço palmar'),
(55, 'Operação de Forno / Secagem de Areia de Fundição', 'Óculos de segurança contra impactos com lentes escuras e luvas com isolamento térmico'),
(56, 'Trabalho de Instalação / Tubulações Aéreas de Ar Comprimido', 'Cinturão de segurança com talabarte duplo de segurança e capacete com jugular'),
(57, 'Manuseio de Fita de Aço / Arquear Fardos de Motores', 'Luvas de vaqueta com reforço palmar em couro e óculos de segurança contra chicoteamento de fita'),
(58, 'Névoas Ácidas / Setor de Decapagem Química', 'Respirador semifacial com filtro contra gases ácidos e óculos de proteção ampla visão com vedação'),
(59, 'Manuseio de Tambores / Descarte de Resíduos de Óleo Usado', 'Luvas nitrílicas de cano longo, calçado de segurança impermeável e óculos contra respingos'),
(60, 'Poeiras de Fibra de Vidro / Laminação de Isolantes', 'Macacão Tyvek de proteção integral, luvas nitrílicas descartáveis e respirador facial inteiro P2'),
(61, 'Aperto de Parafusos / Uso de Ferramentas Pneumáticas de Impacto', 'Luvas antivibração com palma reforçada e protetor auricular de inserção'),
(62, 'Limpeza de Tanques / Solventes Orgânicos em Espaço Fechado', 'Respirador autônomo de ar de pressão positiva, macacão impermeável classe A e luvas nitrílicas longas'),
(63, 'Soldagem TIG / Manuseio de Argônio Puro', 'Luvas de raspa macias de vaqueta de cano longo e óculos de soldador'),
(64, 'Manuseio de Resina de Poliuretano / Montagem de Isoladores', 'Luvas descartáveis de nitrila e óculos de proteção contra respingos e projeções'),
(65, 'Processo de Trefilação / Fios de Cobre para Bobinas', 'Óculos de proteção contra impactos de alta velocidade, protetor auricular e calçado de segurança'),
(66, 'Higienização de Refeitórios / Produtos Concentrados Químicos', 'Avental impermeável de PVC, luvas nitrílicas e óculos de proteção química contra respingos'),
(67, 'Projeção de Poeira de Alumínio / Lixamento de Carcaças', 'Óculos ampla visão com vedação, respirador P2 de alta eficiência e luvas de lona'),
(68, 'Limpeza de Fossas de Prensas / Contato com Resíduos Oleosos', 'Botas de PVC de cano longo, luvas de borracha nitrílica pesada e avental de PVC'),
(69, 'Corte de Chapas / Manuseio de Placas de Acrílico para Proteções', 'Luvas de vaqueta de couro flexíveis e óculos contra quebras de material'),
(70, 'Solda Ultrassônica / Ruído de Alta Frequência', 'Protetor auricular tipo inserção de silicone moldado com atenuação mínima de 18 dB'),
(71, 'Fabricação de Escovas de Carvão / Poeira de Grafite em Suspensão', 'Respirador semifacial P2 contra poeiras condutivas e óculos ampla visão'),
(72, 'Manuseio de Bobinas / Cobre Sob Tensão Mecânica', 'Luvas de proteção mecânica de alta resistência contra rasgos e óculos contra chicoteamento'),
(73, 'Montagens por Interferência / Resfriamento por Nitrogênio Líquido', 'Luvas térmicas criogênicas com proteção estendida, óculos ampla visão e protetor facial'),
(74, 'Medição de Temperatura / Fornos Industriais com Termopar Manual', 'Luvas com proteção contra radiação térmica de alta temperatura e avental de raspa'),
(75, 'Limpeza de Placas / Uso de Álcool Isopropílico em Eletrônica', 'Luvas de nitrila descartáveis, óculos contra respingos e máscara semifacial contra vapores orgânicos'),
(76, 'Instalação de Barramentos / Cobre em Painéis de Distribuição', 'Luvas de isolamento elétrico Classe 0 e calçado de segurança livre de partes metálicas'),
(77, 'Montagem de Motores em Bancada / Ferramentas Manuais Gerais', 'Luvas de proteção mecânica de alta destreza e calçado de segurança com biqueira de composite'),
(78, 'Fabricação de Tintas / Produtos Químicos Oxidantes', 'Luvas de borracha butílica, protetor facial incolor, avental de PVC e respirador contra gases químicos'),
(79, 'Operação de Estufas / Secagem de Bobinados de Motores', 'Luvas de vaqueta com forro térmico interno para manipulação de peças quentes'),
(80, 'Preparação de Chapas / Lixadeira Orbital em Alta Rotação', 'Óculos de proteção com lente incolor, respirador contra poeiras e protetor auricular'),
(81, 'Lubrificação de Guias / Óleos em Tornos CNC de Precisão', 'Luvas nitrílicas descartáveis finas e calçado de segurança antiderrapante'),
(82, 'Furação de Peças de Aço / Uso de Broca de Grande Diâmetro', 'Óculos de segurança com proteção lateral contra fragmentos metálicos e protetor auricular'),
(83, 'Medição Dimensional / Peças Brutas Fundidas de Ferro', 'Luvas de lona leve com palma pigmentada e óculos de segurança contra respingos de óleo'),
(84, 'Inspeção de Dutos / Ventilação de Cabines de Pintura', 'Respirador facial com filtro contra poeiras e vapores e macacão Tyvek com capuz integrado'),
(85, 'Operação de Calandras / Conformação de Chapas Metálicas', 'Luvas de vaqueta sem costura na palma e calçado de segurança com biqueira resistente a esmagamento'),
(86, 'Lixamento de Rotores / Ruído de Turbinas de Geradores', 'Abafador de ruídos acoplado ao capacete de proteção e óculos ampla visão com vedação'),
(87, 'Efluentes Ácidos / Setor de Tratamento de Decapagem', 'Avental impermeável pesado, luvas de neoprene extra longas, botas de PVC e óculos de proteção'),
(88, 'Fundição / Operação de Injetora de Alumínio Sob Pressão', 'Blusão térmico aluminizado com proteção facial total acoplada e luvas isolantes'),
(89, 'Rebarbação Pneumática / Limpeza de Carcaças Fundidas', 'Protetor auricular tipo concha de alta atenuação, óculos de segurança contra impactos e luvas de couro'),
(90, 'Manutenção de Redutores / Troca de Filtros de Óleo Quente', 'Luvas nitrílicas pesadas, avental de PVC impermeável e calçado com solado nitrílico antiderrapante'),
(91, 'Montagem de Rotores / Interferência Térmica em Eixos', 'Luvas de isolamento térmico de alta temperatura e avental de raspa de couro macio'),
(92, 'Furação de Painéis / Operação de Fresadora Copiadora', 'Óculos de segurança incolor contra projeção de partículas e protetor auricular'),
(93, 'Manutenção de Compressores / Substituição de Correias de Transmissão', 'Calçado de segurança com biqueira de aço e luvas de proteção mecânica contra escoriações'),
(94, 'Manutenção de Estruturas / Soldagem de Eletrodo Revestido', 'Máscara de solda com visor articulado, avental de raspa de couro, perneiras e luvas longas de raspa'),
(95, 'Diluição de Tintas / Manuseio de Solventes Industriais', 'Respirador semifacial com filtro combinado para gases orgânicos e poeiras e luvas nitrílicas longas'),
(96, 'Ensaios em Campo / Medição de Alta Tensão em Transformadores', 'Vestimenta com classificação de risco elétrico arco voltaico, luvas isolantes classe 4 e botina dielétrica'),
(97, 'Corte de Perfis de Cobre / Serra Fita de Bancada', 'Óculos de proteção contra projeção de fragmentos metálicos e protetor auricular tipo inserção'),
(98, 'Movimentação de Cargas Pesadas / Pontes Rolantes e Cabos', 'Luvas de vaqueta reforçadas de couro, calçado com biqueira de aço e capacete de proteção'),
(99, 'Estruturas de Ferro / Pintura Manual com Rolo', 'Óculos de proteção incolor, luvas de borracha látex simples e respirador descartável P1'),
(100, 'Limpeza de Estufas / Remoção de Resíduos de Impregnação', 'Óculos ampla visão, luvas de borracha nitrílica longa e respirador com filtro de carvão ativado'),
(101, 'Usinagem de Bronze / Limalhas Helicoidais de Corte', 'Óculos de proteção com lentes de policarbonato de alta resistência e luvas de destreza contra corte'),
(102, 'Montagem de Comandos / Conexão de Cabos de Alta Seção', 'Luvas isolantes Classe 1 (até 7500V) com cobertura de couro e vestimenta retardante de chamas'),
(103, 'Movimentação com Talhas / Elevação de Motores Pesados', 'Capacete de proteção classe B, calçado com biqueira e luvas de couro de alta aderência'),
(104, 'Soldagem de Detalhes / Processo Autógeno TIG em Inox', 'Máscara de solda com visor automático ajustável, luvas de raspa de soldador finas e manguito'),
(105, 'Isolamento de Condutores / Esmaltagem de Fios de Cobre', 'Respirador com filtro contra vapores e névoas e óculos de proteção contra respingos de verniz'),
(106, 'Pátio de Sucatas / Manuseio de Resíduos Metálicos Cortantes', 'Luvas de raspa grossas forradas e calçado de segurança com solado resistente a furos'),
(107, 'Manutenção de Redes / Cilindros de Gás Acetileno', 'Calçado de segurança com biqueira de aço, luvas de vaqueta de couro e óculos de segurança'),
(108, 'Teste de Carga / Geradores Industriais Gigantes em Operação', 'Protetor auricular tipo concha acoplável a capacete e óculos de segurança contra impactos'),
(109, 'Troca de Óleo / Lubrificação de Mancais com Graxa Pesada', 'Luvas descartáveis de borracha nitrílica resistente e calçado antiderrapante'),
(110, 'Instalação de Caixas de Ligação / Furação Manual de Chapas', 'Óculos de proteção incolor contra estilhaços e protetor auricular de inserção de silicone'),
(111, 'Inspeção de Efluentes / Tanques Subterrâneos Sanitários', 'Cinturão de segurança tipo paraquedista, trava-quedas retrátil de resgate e detector multicomponente de gases'),
(112, 'Prensas Automáticas / Estampagem de Chapas Silício', 'Luvas mecânicas com excelente resistência contra impactos e esmagamento no dorso'),
(113, 'Lixadoras de Fita / Abrasão e Atrito de Alta Rotação', 'Luvas de couro de alta resistência mecânica contra abrasão e óculos de proteção lateral'),
(114, 'Docas de Logística / Movimentação de Rampas e Cargas', 'Calçado de segurança antiderrapante com biqueira de aço e proteção de tornozelo'),
(115, 'Fabricação de Chassis / Soldagem MIG de Grande Porte', 'Máscara de soldagem com escurecimento automático, luvas de raspa forradas e perneira de raspa de couro'),
(116, 'Manuseio de Ácido Clorídrico / Decapagem de Eixos de Aço', 'Respirador contra gases ácidos e vapores químicos com óculos ampla visão acoplados'),
(117, 'Laboratórios Eletroeletrônicos / Uso de Solventes de Limpeza', 'Luvas nitrílicas leves com resistência química e óculos de segurança incolor'),
(118, 'Fornos de Recozimento / Chapas Cerâmicas Refratárias', 'Luvas de fibra de aramida de alta temperatura (até 350°C) e óculos ampla visão'),
(119, 'Inspeção de Chapas / Jateamento com Granalha Ecológica', 'Capacete de jato pressurizado, vestimenta protetora integral de couro e luvas de jateamento longas'),
(120, 'Corte de Barramentos / Guilhotina Hidráulica Industrial', 'Óculos de segurança com proteção lateral reforçada contra ricochete e protetor auricular'),
(121, 'Pintura Industrial / Aerossóis de Tintas Sintéticas', 'Respirador facial inteiro com filtro de carvão ativado contra vapores e névoas e macacão protetor'),
(122, 'Conformação de Painéis / Dobradeiras CNC de Chapas', 'Luvas mecânicas contra cortes nível D e calçado de segurança contra queda de objetos'),
(123, 'Sistemas de Linha Aérea / Lubrificação de Correntes de Transporte', 'Cinturão de segurança tipo paraquedista com talabarte de posicionamento e capacete com jugular'),
(124, 'Fosfatização / Preparo de Superfícies de Ferro por Imersão', 'Luvas compridas de neoprene com acabamento antiderrapante e protetor facial incolor articulado'),
(125, 'Enrolamento de Bobinas / Pequenos Motores em Linha', 'Luvas de proteção mecânica de alta destreza e sensibilidade tátil com revestimento de poliuretano'),
(126, 'Galvanoplastia / Banhos de Cobreação de Condutores', 'Avental longo de PVC com forro, luvas longas impermeáveis, botas de PVC e óculos de segurança'),
(127, 'usinagem de Isoladores / Furação de Celeron em Radiais', 'Óculos contra poeiras em suspensão, respirador semifacial contra poeiras e protetor auricular'),
(128, 'Linhas de Montagem / Uso de Parafusadeiras de Impacto Pneumáticas', 'Luvas antivibração de alta resistência e óculos de proteção ampla visão com lentes resistentes'),
(129, 'Conexões de Geradores / Soldagem Forte com Liga de Prata', 'Óculos de soldador com lentes de tonalidade 3 ou 4 e luvas de vaqueta com cano de couro'),
(130, 'Retificadoras Cilíndricas / Névoas de Emulsão de Água e Óleo', 'Óculos ampla visão contra respingos químicos, respirador contra vapores e luvas nitrílicas'),
(131, 'Instrumentação Pneumática / Teste de Estanqueidade sob Pressão', 'Óculos de segurança incolor e protetor auricular tipo inserção com cordão de silicone'),
(132, 'Mistura de Tintas / Manuseio de Resinas Epóxi de Alta Aderência', 'Luvas nitrílicas descartáveis pesadas de alta espessura e óculos contra salpicos industriais'),
(133, 'Preparação de Estatores / Corte Manual de Isolantes Flexíveis', 'Luvas resistentes a cortes com estiletes e tesouras de precisão metálica'),
(134, 'Esteiras Lineares / Movimentação de Carcaças Brutas Fundidas', 'Luvas de raspa de couro reforçadas com costura de Kevlar e calçado com biqueira de aço'),
(135, 'Instrumentação e Válvulas / Teste de Circuitos Pneumáticos', 'Óculos de proteção ampla visão com vedação de borracha e proteção contra estilhaços'),
(136, 'Manutenção Mecânica Geral / Escorregamento em Poças de Óleo', 'Calçado de segurança com solado de poliuretano bidensidade antiderrapante de alta aderência'),
(137, 'Logística Interna / Movimentação de Rebocadores Elétricos', 'Colete reflexivo de alta visibilidade classe 2 com tiras retroreflexivas e calçado de segurança'),
(138, 'Manutenção de Galpões / Instalação de Telhas Metálicas', 'Cinturão de segurança tipo paraquedista com dispositivo trava-quedas retrátil e capacete classe B'),
(139, 'Soldagem Estrutural / Remoção Mecânica de Carepas de Solda', 'Óculos de proteção ampla visão, protetor facial incolor de alta densidade e protetor auricular'),
(140, 'Montagem Eletrônica / Descarga Eletrostática em Placas', 'Pulseira antiestática de segurança conectada à bancada de trabalho aterrada e dedeiras ESD'),
(141, 'Solda de Pequenos Componentes / Termistores de Bobinados', 'Óculos de proteção contra faíscas incandescentes e luvas de vaqueta de couro flexíveis'),
(142, 'Preenchimento de Isoladores / Manuseio de Resina de Silicone Fluida', 'Luvas descartáveis de borracha nitrílica e óculos de segurança com lentes de policarbonato'),
(143, 'Furação de Quadros Metálicos / Operação de Brocas Tipo Copo', 'Óculos de segurança incolor contra aparas e cavacos e protetor auricular tipo concha leve'),
(144, 'Ajuste Mecânico / Esmagamento de Mãos no Acoplamento de Eixos', 'Luvas com proteção reforçada de borracha termoplástica (TPR) no dorso contra impactos'),
(145, 'Suprimento de Bobinas / Movimentação Manual de Rolos de Cobre', 'Luvas de lona resistente com pigmentação palmar e botas de segurança com biqueira de aço'),
(146, 'Química Industrial / Manuseio de Catalisadores Ácidos de Verniz', 'Óculos de segurança ampla visão contra respingos ácidos, luvas de neoprene e avental de PVC'),
(147, 'Usinagem de Plásticos / Torneamento de Nylon e Teflon', 'Óculos de segurança com lentes transparentes antiembaçantes e protetor auricular'),
(148, 'Limpeza de Bancadas / Uso de Jato de Ar Comprimido', 'Óculos de segurança com lentes de alta resistência e vedação em espuma contra poeira ricocheteada'),
(149, 'Parafusamento de Flanges / Uso de Torquímetro Manual', 'Luvas de vaqueta de couro confortáveis para aplicação de torque e calçado de segurança'),
(150, 'Ensaios Não Destrutivos / Inspeção de Soldas com Líquido Penetrante', 'Óculos ampla visão, luvas nitrílicas descartáveis finas e respirador semifacial contra vapores')

-- 9. ORDENS DE SERVIÇO
INSERT INTO Ordens_Servico
(id_os, tag_equipamento, descricao_falha, data_abertura, hh_inicio, hh_fim, status_os, id_usuario)
VALUES
(1001,'AJU-FR-01','Vibração excessiva detectada durante operação.','2026-06-10','08:00:00','10:30:00','Concluído',(SELECT id_usuario FROM Usuarios WHERE cargo_usuario='Tecnico' AND status_usuario='Ativo' LIMIT 1)),
(1003,'FER-FR-01','Desgaste do disco de corte identificado.','2026-06-11','09:00:00','11:00:00','Concluído',(SELECT id_usuario FROM Usuarios WHERE cargo_usuario='Tecnico' AND status_usuario='Ativo' LIMIT 1)),
(1004,'CAL-FR-01','Ruído anormal detectado no rolamento do motor.','2026-06-11','13:00:00','15:00:00','Concluído',(SELECT id_usuario FROM Usuarios WHERE cargo_usuario='Tecnico' AND status_usuario='Ativo' LIMIT 1)),
(1005,'MAN-PR-01','Falha detectada no sistema de fechamento pneumático.','2026-06-12','08:00:00','09:30:00','Concluído',(SELECT id_usuario FROM Usuarios WHERE cargo_usuario='Tecnico' AND status_usuario='Ativo' LIMIT 1)),
(1006,'CAL-ER-01','Vazamento identificado na solda do reservatório.','2026-06-12','08:30:00','12:00:00','Concluído',(SELECT id_usuario FROM Usuarios WHERE cargo_usuario='Tecnico' AND status_usuario='Ativo' LIMIT 1)),
(1007,'CAL-MG-01','Substituição do eletrodo de solda.','2026-06-13','10:00:00','11:30:00','Concluído',(SELECT id_usuario FROM Usuarios WHERE cargo_usuario='Tecnico' AND status_usuario='Ativo' LIMIT 1)),
(1008,'MAN-JC-01','Falha no sistema elétrico de comando.','2026-06-13','13:00:00','16:00:00','Concluído',(SELECT id_usuario FROM Usuarios WHERE cargo_usuario='Tecnico' AND status_usuario='Ativo' LIMIT 1)),
(1009,'CNC-PP-01','Falha na leitura do sensor óptico.','2026-06-14','08:00:00','10:00:00','Concluído',(SELECT id_usuario FROM Usuarios WHERE cargo_usuario='Tecnico' AND status_usuario='Ativo' LIMIT 1)),
(1010,'MAN-ES-02','Vazamento identificado na conexão hidráulica.','2026-06-14','13:00:00','14:30:00','Concluído',(SELECT id_usuario FROM Usuarios WHERE cargo_usuario='Tecnico' AND status_usuario='Ativo' LIMIT 1)),
(1011,'CNC-CU-01','Troca do fusível de proteção do painel.','2026-06-15','08:00:00','09:00:00','Concluído',(SELECT id_usuario FROM Usuarios WHERE cargo_usuario='Tecnico' AND status_usuario='Ativo' LIMIT 1)),
(1012,'CNC-TN-01','Desgaste da ferramenta de corte principal.','2026-06-16','09:30:00','11:00:00','Concluído',(SELECT id_usuario FROM Usuarios WHERE cargo_usuario='Tecnico' AND status_usuario='Ativo' LIMIT 1)),
(1013,'MAN-GH-01','Troca do conjunto de válvulas de controle.','2026-06-17','08:00:00','10:00:00','Concluído',(SELECT id_usuario FROM Usuarios WHERE cargo_usuario='Tecnico' AND status_usuario='Ativo' LIMIT 1)),
(1014,'FER-RT-01','Substituição da broca de perfuração.','2026-06-18','09:00:00','10:30:00','Concluído',(SELECT id_usuario FROM Usuarios WHERE cargo_usuario='Tecnico' AND status_usuario='Ativo' LIMIT 1))
(1015,'CNC-RB-01','Desalinhamento identificado no eixo de rebarbação.','2026-06-18','13:00:00','15:00:00','Concluído',(SELECT id_usuario FROM Usuarios WHERE cargo_usuario='Tecnico' AND status_usuario='Ativo' LIMIT 1))
(1016,'FER-LX-01','Necessária substituição da correia de tração.','2026-06-19','08:00:00','12:00:00','Concluído',(SELECT id_usuario FROM Usuarios WHERE cargo_usuario='Tecnico' AND status_usuario='Ativo' LIMIT 1)),
(1017,'FER-ES-01','Manutenção corretiva no motor de acionamento.','2026-06-20','09:00:00','11:30:00','Concluído',(SELECT id_usuario FROM Usuarios WHERE cargo_usuario='Tecnico' AND status_usuario='Ativo' LIMIT 1)),
(1018,'CAL-JT-01','Substituição de sensores de segurança.','2026-06-21','08:00:00','13:00:00','Concluído',(SELECT id_usuario FROM Usuarios WHERE cargo_usuario='Tecnico' AND status_usuario='Ativo' LIMIT 1)),
(1019,'CAL-FR-01','Falha detectada no sistema de exaustão.','2026-06-22','10:00:00','12:00:00','Concluído',(SELECT id_usuario FROM Usuarios WHERE cargo_usuario='Tecnico' AND status_usuario='Ativo' LIMIT 1)),
(1020,'MAN-PR-01','Troca do controlador de pressão.','2026-06-23','08:30:00','10:30:00','Concluído',(SELECT id_usuario FROM Usuarios WHERE cargo_usuario='Tecnico' AND status_usuario='Ativo' LIMIT 1)),
(1021,'MAN-LV-01','Ajuste do sistema de alinhamento.','2026-06-24','09:00:00','11:00:00','Concluído',(SELECT id_usuario FROM Usuarios WHERE cargo_usuario='Tecnico' AND status_usuario='Ativo' LIMIT 1)),
(1022,'CAL-PC-01','Manutenção preventiva geral do equipamento.','2026-06-25','08:00:00','12:00:00','Concluído',(SELECT id_usuario FROM Usuarios WHERE cargo_usuario='Tecnico' AND status_usuario='Ativo' LIMIT 1))
(1023,'AJU-FR-05','Desgaste excessivo dos rolamentos do eixo principal.','2026-06-27','08:00:00',NULL,'Em andamento',(SELECT id_usuario FROM Usuarios WHERE cargo_usuario='Tecnico' AND status_usuario='Ativo' LIMIT 1)),
(1024,'MAN-LV-02','Sensor de posição apresentou falha intermitente.','2026-06-27','09:00:00','11:30:00','Concluído',(SELECT id_usuario FROM Usuarios WHERE cargo_usuario='Tecnico' AND status_usuario='Ativo' LIMIT 1)),
(1025,'FER-LX-02','Substituição preventiva das correias do motor.','2026-06-27','13:00:00',NULL,'Aberto',(SELECT id_usuario FROM Usuarios WHERE cargo_usuario='Tecnico' AND status_usuario='Ativo' LIMIT 1)),
(1026,'CAL-JT-02','Ruído excessivo durante o funcionamento do equipamento.','2026-06-28','07:30:00',NULL,'Em andamento',(SELECT id_usuario FROM Usuarios WHERE cargo_usuario='Tecnico' AND status_usuario='Ativo' LIMIT 1)),
(1027,'CNC-CU-02','Falha na placa eletrônica de acionamento.','2026-06-28','08:00:00','15:00:00','Concluído',(SELECT id_usuario FROM Usuarios WHERE cargo_usuario='Tecnico' AND status_usuario='Ativo' LIMIT 1)),
(1028,'AJU-FR-06','Lubrificação preventiva dos mancais mecânicos.','2026-06-28','10:00:00','12:00:00','Concluído',(SELECT id_usuario FROM Usuarios WHERE cargo_usuario='Tecnico' AND status_usuario='Ativo' LIMIT 1)),
(1029,'CAL-MG-02','Substituição do relé térmico do painel elétrico.','2026-06-29','09:00:00',NULL,'Aberto',(SELECT id_usuario FROM Usuarios WHERE cargo_usuario='Tecnico' AND status_usuario='Ativo' LIMIT 1)),
(1030,'MAN-GH-02','Baixa pressão detectada no sistema hidráulico.','2026-06-29','11:00:00',NULL,'Em andamento',(SELECT id_usuario FROM Usuarios WHERE cargo_usuario='Tecnico' AND status_usuario='Ativo' LIMIT 1)),
(1031,'AJU-FR-07','Troca do conjunto de engrenagens do cabeçote.','2026-06-29','13:30:00','17:00:00','Concluído',(SELECT id_usuario FROM Usuarios WHERE cargo_usuario='Tecnico' AND status_usuario='Ativo' LIMIT 1)),
(1032,'CNC-TN-02','Desalinhamento do eixo de transmissão principal.','2026-06-30','08:30:00',NULL,'Em andamento',(SELECT id_usuario FROM Usuarios WHERE cargo_usuario='Tecnico' AND status_usuario='Ativo' LIMIT 1)),
(1033,'MAN-PR-03','Vazamento na tubulação pneumática principal.','2026-06-30','10:00:00',NULL,'Aberto',(SELECT id_usuario FROM Usuarios WHERE cargo_usuario='Tecnico' AND status_usuario='Ativo' LIMIT 1)),
(1034,'FER-ES-02','Rebolo necessita substituição imediata.','2026-06-30','14:00:00','16:30:00','Concluído',(SELECT id_usuario FROM Usuarios WHERE cargo_usuario='Tecnico' AND status_usuario='Ativo' LIMIT 1)),
(1035,'MAN-PR-04','Aquecimento anormal do motor trifásico.','2026-07-01','08:00:00',NULL,'Em andamento',(SELECT id_usuario FROM Usuarios WHERE cargo_usuario='Tecnico' AND status_usuario='Ativo' LIMIT 1)),
(1036,'CNC-CP-02','Filtro do compressor saturado por excesso de partículas.','2026-07-01','09:30:00','11:30:00','Concluído',(SELECT id_usuario FROM Usuarios WHERE cargo_usuario='Tecnico' AND status_usuario='Ativo' LIMIT 1)),
(1037,'FER-FN-02','Troca dos sensores internos do forno industrial.','2026-07-01','13:00:00',NULL,'Aberto',(SELECT id_usuario FROM Usuarios WHERE cargo_usuario='Tecnico' AND status_usuario='Ativo' LIMIT 1)),
(1038,'CAL-EX-02','Inspeção preventiva do sistema de exaustão.','2026-07-02','08:00:00','09:30:00','Concluído',(SELECT id_usuario FROM Usuarios WHERE cargo_usuario='Tecnico' AND status_usuario='Ativo' LIMIT 1)),
(1039,'MAN-PT-02','Desgaste excessivo dos cabos de aço da ponte rolante.','2026-07-02','10:30:00',NULL,'Em andamento',(SELECT id_usuario FROM Usuarios WHERE cargo_usuario='Tecnico' AND status_usuario='Ativo' LIMIT 1)),
(1040,'CNC-TN-03','Falha na comunicação do painel operacional.','2026-07-02','14:00:00',NULL,'Aberto',(SELECT id_usuario FROM Usuarios WHERE cargo_usuario='Tecnico' AND status_usuario='Ativo' LIMIT 1)),
(1041,'AJU-FR-08','Substituição do sistema de refrigeração do motor.','2026-07-03','07:30:00','11:00:00','Concluído',(SELECT id_usuario FROM Usuarios WHERE cargo_usuario='Tecnico' AND status_usuario='Ativo' LIMIT 1)),
(1042,'CAL-MG-03','Manutenção corretiva no sistema de soldagem.','2026-07-03','13:00:00',NULL,'Em andamento',(SELECT id_usuario FROM Usuarios WHERE cargo_usuario='Tecnico' AND status_usuario='Ativo' LIMIT 1)),
(1043,'MAN-GH-03','Troca do conjunto de válvulas hidráulicas.','2026-07-03','15:00:00',NULL,'Aberto',(SELECT id_usuario FROM Usuarios WHERE cargo_usuario='Tecnico' AND status_usuario='Ativo' LIMIT 1)),
(1044,'FER-LX-03','Correia rompida durante operação contínua.','2026-07-04','08:00:00','10:30:00','Concluído',(SELECT id_usuario FROM Usuarios WHERE cargo_usuario='Tecnico' AND status_usuario='Ativo' LIMIT 1)),
(1045,'CAL-JT-03','Necessária substituição do conjunto de fixação.','2026-07-04','11:00:00',NULL,'Em andamento',(SELECT id_usuario FROM Usuarios WHERE cargo_usuario='Tecnico' AND status_usuario='Ativo' LIMIT 1)),
(1046,'MAN-LV-03','Painel elétrico apresentou curto-circuito.','2026-07-04','14:00:00',NULL,'Aberto',(SELECT id_usuario FROM Usuarios WHERE cargo_usuario='Tecnico' AND status_usuario='Ativo' LIMIT 1)),
(1047,'FER-ES-03','Desbalanceamento mecânico detectado no eixo.','2026-07-05','08:00:00','12:00:00','Concluído',(SELECT id_usuario FROM Usuarios WHERE cargo_usuario='Tecnico' AND status_usuario='Ativo' LIMIT 1)),
(1048,'CNC-CU-03','Atualização do firmware do controlador CNC.','2026-07-05','13:00:00','16:00:00','Concluído',(SELECT id_usuario FROM Usuarios WHERE cargo_usuario='Tecnico' AND status_usuario='Ativo' LIMIT 1)),
(1049,'MAN-PR-05','Pressão insuficiente no sistema pneumático.','2026-07-05','15:00:00',NULL,'Em andamento',(SELECT id_usuario FROM Usuarios WHERE cargo_usuario='Tecnico' AND status_usuario='Ativo' LIMIT 1)),
(1050,'FER-FN-03','Falha no sistema de isolamento térmico do forno.','2026-07-06','09:00:00',NULL,'Aberto',(SELECT id_usuario FROM Usuarios WHERE cargo_usuario='Tecnico' AND status_usuario='Ativo' LIMIT 1)),
(1051,'CAL-EX-03','Motor do exaustor necessita substituição preventiva.','2026-07-06','10:30:00','12:00:00','Concluído',(SELECT id_usuario FROM Usuarios WHERE cargo_usuario='Tecnico' AND status_usuario='Ativo' LIMIT 1)),
(1052,'MAN-PT-03','Desgaste no conjunto de polias do equipamento.','2026-07-06','14:00:00',NULL,'Em andamento',(SELECT id_usuario FROM Usuarios WHERE cargo_usuario='Tecnico' AND status_usuario='Ativo' LIMIT 1)),
(1053,'AJU-FR-09','Sensor óptico apresenta leitura incorreta.','2026-07-07','08:00:00',NULL,'Aberto',(SELECT id_usuario FROM Usuarios WHERE cargo_usuario='Tecnico' AND status_usuario='Ativo' LIMIT 1)),
(1054,'MAN-GH-04','Troca preventiva do óleo hidráulico do sistema.','2026-07-07','09:00:00','10:30:00','Concluído',(SELECT id_usuario FROM Usuarios WHERE cargo_usuario='Tecnico' AND status_usuario='Ativo' LIMIT 1)),
(1055,'CNC-TN-04','Falha de comunicação entre CLP e painel operacional.','2026-07-07','11:00:00',NULL,'Em andamento',(SELECT id_usuario FROM Usuarios WHERE cargo_usuario='Tecnico' AND status_usuario='Ativo' LIMIT 1)),
(1056,'FER-LX-04','Substituição do motor principal do equipamento.','2026-07-08','08:00:00','15:30:00','Concluído',(SELECT id_usuario FROM Usuarios WHERE cargo_usuario='Tecnico' AND status_usuario='Ativo' LIMIT 1)),
(1057,'CAL-JT-04','Necessária regulagem do sistema de alinhamento.','2026-07-08','13:00:00',NULL,'Aberto',(SELECT id_usuario FROM Usuarios WHERE cargo_usuario='Tecnico' AND status_usuario='Ativo' LIMIT 1)),
(1058,'MAN-LV-04','Falha na bomba de lubrificação automática.','2026-07-08','15:00:00',NULL,'Em andamento',(SELECT id_usuario FROM Usuarios WHERE cargo_usuario='Tecnico' AND status_usuario='Ativo' LIMIT 1)),
(1059,'FER-ES-04','Desgaste irregular identificado no conjunto mecânico.','2026-07-09','08:30:00','11:00:00','Concluído',(SELECT id_usuario FROM Usuarios WHERE cargo_usuario='Tecnico' AND status_usuario='Ativo' LIMIT 1)),
(1060,'CNC-CU-04','Substituição preventiva dos sensores do eixo Y.','2026-07-09','13:00:00',NULL,'Em andamento',(SELECT id_usuario FROM Usuarios WHERE cargo_usuario='Tecnico' AND status_usuario='Ativo' LIMIT 1)),
(1061,'MAN-PR-06','Ruído excessivo durante o acionamento da prensa.','2026-07-09','14:00:00',NULL,'Aberto',(SELECT id_usuario FROM Usuarios WHERE cargo_usuario='Tecnico' AND status_usuario='Ativo' LIMIT 1)),
(1062,'FER-FN-04','Troca do controlador digital de temperatura.','2026-07-10','08:00:00','12:00:00','Concluído',(SELECT id_usuario FROM Usuarios WHERE cargo_usuario='Tecnico' AND status_usuario='Ativo' LIMIT 1)),
(1063,'CAL-EX-04','Falha elétrica identificada no painel de comando.','2026-07-10','13:00:00',NULL,'Em andamento',(SELECT id_usuario FROM Usuarios WHERE cargo_usuario='Tecnico' AND status_usuario='Ativo' LIMIT 1)),
(1064,'MAN-PT-04','Desalinhamento do sistema de movimentação principal.','2026-07-10','15:00:00',NULL,'Aberto',(SELECT id_usuario FROM Usuarios WHERE cargo_usuario='Tecnico' AND status_usuario='Ativo' LIMIT 1)),
(1065,'AJU-FR-10','Necessária substituição do rolamento dianteiro.','2026-07-11','08:00:00','10:00:00','Concluído',(SELECT id_usuario FROM Usuarios WHERE cargo_usuario='Tecnico' AND status_usuario='Ativo' LIMIT 1)),
(1066,'MAN-GH-05','Perda de eficiência operacional do sistema hidráulico.','2026-07-11','11:00:00',NULL,'Em andamento',(SELECT id_usuario FROM Usuarios WHERE cargo_usuario='Tecnico' AND status_usuario='Ativo' LIMIT 1)),
(1067,'CNC-TN-05','Atualização do sistema operacional embarcado do equipamento.','2026-07-11','13:00:00','16:00:00','Concluído',(SELECT id_usuario FROM Usuarios WHERE cargo_usuario='Tecnico' AND status_usuario='Ativo' LIMIT 1)),
(1068,'FER-LX-05','Necessário ajuste fino do sistema de transmissão.','2026-07-12','08:00:00',NULL,'Aberto',(SELECT id_usuario FROM Usuarios WHERE cargo_usuario='Tecnico' AND status_usuario='Ativo' LIMIT 1)),
(1069,'CAL-JT-05','Substituição do conjunto de sensores de segurança.','2026-07-12','10:00:00',NULL,'Em andamento',(SELECT id_usuario FROM Usuarios WHERE cargo_usuario='Tecnico' AND status_usuario='Ativo' LIMIT 1)),
(1070,'MAN-LV-05','Manutenção corretiva do sistema elétrico principal.','2026-07-12','13:30:00','17:00:00','Concluído',(SELECT id_usuario FROM Usuarios WHERE cargo_usuario='Tecnico' AND status_usuario='Ativo' LIMIT 1)),
(1071,'FER-ES-05','Lubrificação preventiva dos componentes mecânicos.','2026-07-13','09:00:00',NULL,'Aberto',(SELECT id_usuario FROM Usuarios WHERE cargo_usuario='Tecnico' AND status_usuario='Ativo' LIMIT 1)),
(1072,'CNC-CU-05','Falha no acionamento do servo motor do eixo principal.','2026-07-13','14:00:00',NULL,'Em andamento',(SELECT id_usuario FROM Usuarios WHERE cargo_usuario='Tecnico' AND status_usuario='Ativo' LIMIT 1));




INSERT INTO OS_Materiais (id_os, id_peca, quantidade_utilizada) VALUES
(1001,16,1),
(1003,17,1),
(1006,10,1),
(1007,11,1),
(1008,17,2),
(1011,4,3),
(1012,16,1),
(1013,21,1),
(1016,22,40),
(1016,24,2),
(1017,22,5),
(1018,19,2),
(1018,16,1),
(1019,23,1),
(1020,20,1),
(1021,22,1),
(1022,27,1),
(1023,16,2),
(1024,18,1),
(1025,11,2),
(1026,12,1),
(1027,21,1),
(1028,22,4),
(1029,17,2),
(1030,23,1),
(1031,19,1),
(1032,10,2),
(1033,24,2),
(1034,15,1),
(1035,11,1),
(1036,27,1),
(1037,20,1),
(1038,22,3),
(1039,19,2),
(1040,21,1),
(1041,16,2),
(1042,17,3),
(1043,23,2),
(1044,11,1),
(1045,18,2),
(1046,12,1),
(1047,22,2),
(1048,21,1),
(1049,24,1),
(1050,20,2),
(1051,22,1),
(1052,19,1),
(1053,16,1),
(1054,23,2),
(1055,21,1),
(1056,10,2),
(1057,18,1),
(1058,11,1),
(1059,22,2),
(1060,21,1),
(1061,24,2),
(1062,20,1),
(1063,12,1),
(1064,19,2),
(1065,16,1),
(1066,23,1),
(1067,21,1),
(1068,11,2),
(1069,18,1),
(1070,22,3),
(1071,22,1),
(1072,10,1);

-- 11. OS - FERRAMENTAS
INSERT INTO OS_Ferramentas (id_os, id_ferramenta) VALUES
(1001, 1),   
(1001, 12), 
(1003, 25), 
(1003, 9),
(1006, 3), 
(1006, 7), 
(1007, 21), 
(1008, 32), 
(1009, 25), 
(1011, 28), 
(1012, 1), 
(1012, 12),
(1013, 33), 
(1013, 21), 
(1014, 25), 
(1016, 12), 
(1016, 35), 
(1018, 37), 
(1018, 1),  
(1019, 33), 
(1020, 34), 
(1022, 39),
(1023,1),
(1023,12),
(1024,25),
(1024,9),
(1025,7),
(1025,21),
(1026,3),
(1027,33),
(1027,28),
(1028,12),
(1029,32),
(1030,25),
(1030,35),
(1031,1),
(1031,37),
(1032,33),
(1033,35),
(1033,12),
(1034,9),
(1035,21),
(1035,7),
(1036,39),
(1037,34),
(1038,12),
(1039,37),
(1039,1),
(1040,33),
(1040,28),
(1041,12),
(1042,32),
(1042,25),
(1043,35),
(1044,7),
(1044,21),
(1045,3),
(1046,33),
(1047,1),
(1047,12),
(1048,28),
(1049,25),
(1050,34),
(1050,39),
(1051,12),
(1052,37),
(1053,1),
(1053,21),
(1054,35),
(1055,33),
(1055,28),
(1056,7),
(1057,3),
(1057,25),
(1058,12),
(1059,1),
(1059,37),
(1060,33),
(1061,35),
(1061,39),
(1062,34),
(1063,28),
(1064,37),
(1065,12),
(1065,1),
(1066,25),
(1067,33),
(1067,21),
(1068,7),
(1069,3),
(1070,12),
(1070,35),
(1071,1),
(1072,33),
(1072,28);

-- 12. OS - SEGURANÇA
INSERT INTO OS_Seguranca (id_os, id_risco) VALUES
(1001,1),
(1001,3),
(1003,2),
(1004,4),
(1006,1),
(1007,5),
(1008,7),
(1009,3),
(1010,5),
(1011,2),
(1012,1),
(1013,5),
(1014,7),
(1015,4),
(1016,3),
(1018,10),
(1019,5),
(1020,6),
(1021,5),
(1022,4),
(1023,1),
(1023,3),
(1024,2),
(1025,4),
(1026,1),
(1027,5),
(1028,7),
(1029,3),
(1030,5),
(1031,1),
(1031,4),
(1032,2),
(1033,3),
(1034,4),
(1035,1),
(1036,5),
(1037,6),
(1038,7),
(1039,10),
(1040,5),
(1041,1),
(1042,3),
(1043,5),
(1044,4),
(1045,1),
(1046,2),
(1047,7),
(1048,5),
(1049,3),
(1050,6),
(1051,5),
(1052,10),
(1053,1),
(1054,3),
(1055,5),
(1056,4),
(1057,1),
(1058,2),
(1059,7),
(1060,5),
(1061,3),
(1062,6),
(1063,5),
(1064,10),
(1065,1),
(1066,3),
(1067,5),
(1068,4),
(1069,1),
(1070,2),
(1071,7),
(1072,5);

-- 13. MOVIMENTAÇÃO DE FERRAMENTAS
INSERT INTO Movimentacao_Ferramentas(
id_os_ferramenta,
id_os,
id_usuario_solicitante,
id_usuario_entregador,
data_retirada,
data_devolucao_prevista,
data_devolucao_real,
status_movimentacao,
observacoes
)
VALUES
(571,1001,12,55,'2026-06-15 08:05:00','2026-06-15 17:00:00',NULL,'Em Uso','Retirado para medição da folga do eixo do mandril.'),
(572,1001,12,55,'2026-06-15 09:15:00','2026-06-15 12:00:00','2026-06-15 11:50:00','Devolvido','Utilizado na checagem do desnivelamento da mesa.'),
(573,1003,46,55,'2026-06-16 09:40:00','2026-06-16 16:00:00',NULL,'Em Uso','Retirada para remoção da carenagem da bomba hidráulica.'),
(574,1003,51,55,'2026-06-17 13:10:00','2026-06-17 16:30:00','2026-06-17 16:15:00','Devolvido','Utilizado na recuperação da rosca do conjunto mecânico.'),
(575,1006,2,55,'2026-06-20 08:15:00','2026-06-20 11:30:00','2026-06-20 11:45:00','Devolvido','Medição do fuso realizada com sucesso.'),
(578,1008,33,55,'2026-06-21 09:10:00','2026-06-21 11:15:00','2026-06-21 11:00:00','Devolvido','Fixação temporária do guia de arame.'),
(583,1013,2,55,'2026-06-24 08:10:00','2026-06-24 12:00:00','2026-06-24 11:40:00','Devolvido','Teste do inversor de frequência realizado.'),
(585,1014,56,55,'2026-06-25 07:45:00','2026-06-26 17:00:00',NULL,'Em Uso','Ferramenta utilizada na manutenção estrutural.'),
(586,1016,46,61,'2026-06-25 13:15:00','2026-06-25 17:00:00',NULL,'Atrasado','Ferramenta esquecida em campo.'),
(587,1016,46,61,'2026-06-25 13:20:00','2026-06-25 16:30:00','2026-06-25 16:15:00','Devolvido','Torquímetro devolvido calibrado.'),
(588,1018,59,55,'2026-06-26 06:30:00','2026-06-26 11:00:00','2026-06-26 10:45:00','Devolvido','Ferramenta utilizada para destravar o martelo da prensa.'),
(589,1018,59,55,'2026-06-26 07:00:00','2026-06-26 12:00:00','2026-06-26 13:10:00','Devolvido','Retorno realizado após ajuste fino.'),
(590,1019,60,61,'2026-06-26 10:15:00','2026-06-26 14:00:00',NULL,'Em Uso','Ferramenta alocada para testes eletrônicos.'),
(591,1020,58,55,'2026-06-26 11:45:00','2026-06-26 16:00:00',NULL,'Em Uso','Teste de isolamento elétrico das resistências.'),
(592,1022,55,61,'2026-06-26 15:10:00','2026-06-26 17:30:00',NULL,'Em Uso','Utilizada na manutenção preditiva.');
