-- 1. SETORES
INSERT INTO Setores (id_setor, nome_setor, descricao_setor) VALUES
(1, 'Laboratório CNC', 'Setor responsável por usinagem computorizada'),
(2, 'Laboratório de Ajustagem', 'Setor de ajustagem mecânica e furação'),
(3, 'Laboratório de Ferramentaria', 'Manutenção e fabricação de matrizes/ferramentas'),
(4, 'Caldeiraria', 'Setor de soldagem, corte e conformação de chapas'),
(5, 'Laboratório de Manutenção', 'Setor focado em manutenção corretiva e preventiva pesada'),
(6, 'Química', 'Análises químicas e controle de fluidos');

-- 2. USUÁRIOS
INSERT INTO Usuarios (nome_usuario, email_usuario, senha_hash, cargo_usuario, status_usuario, telefone_usuario, data_nasc_usuario, id_setor) VALUES
('Tauani', 'tauani@empresa.com', 'hash_senha_1', 'CEO', 'Ativo', '(11) 999990044', '1985-03-15', 1),
('FelipeM', 'felipem@empresa.com', 'hash_senha_2', 'Diretor', 'Ativo', '(11) 999990022', '1988-08-22', 2),
('Henrique', 'henrique@empresa.com', 'hash_senha_3', 'Gerente', 'Ativo', '(11) 999990033', '1992-11-05', 3),
('Ana', 'ana@empresa.com', 'hash_senha_4', 'Coordenador', 'Ativo', '(11) 999990011', '1995-06-30', 4),
('Carlos Eduardo Silva', 'carlos.silva@empresa.com', 'hash_senha_1', 'Supervisor', 'Ativo', '(11) 99111-0001', '1975-04-12', 1),
('Mariana Costa Medeiros', 'mariana.costa@empresa.com', 'hash_senha_2', 'Tecnico', 'Ativo', '(11) 99111-0002', '1980-08-22', 1),
('Roberto Antunes Prado', 'roberto.prado@empresa.com', 'hash_senha_3', 'Tecnico', 'Ativo', '(11) 99111-0003', '1978-11-05', 1),
('Letícia Guimarães Rocha', 'leticia.rocha@empresa.com', 'hash_senha_4', 'Tecnico', 'Ativo', '(11) 99111-0004', '1983-01-30', 1),
('Ricardo Fontes Aguiar', 'ricardo.aguiar@empresa.com', 'hash_senha_5', 'Tecnico', 'Ativo', '(11) 99111-0005', '1985-06-14', 1),
('Beatriz Neves Camargo', 'beatriz.camargo@empresa.com', 'hash_senha_6', 'Tecnico', 'Ativo', '(11) 99111-0006', '1988-09-19', 1),
('Arthur Melo Peixoto', 'arthur.peixoto@empresa.com', 'hash_senha_7', 'Tecnico', 'Ativo', '(11) 99111-0007', '1990-03-25', 1),
('Daniela Ortiz Bueno', 'daniela.bueno@empresa.com', 'hash_senha_8', 'Tecnico', 'Inativo', '(11) 99111-0008', '1981-07-12', 1),
('Gustavo Borges Werneck', 'gustavo.werneck@empresa.com', 'hash_senha_9', 'Tecnico', 'Ativo', '(11) 99111-0009', '1984-12-01', 1),
('Helena Schimidt Luz', 'helena.luz@empresa.com', 'hash_senha_10', 'Tecnico', 'Ativo', '(11) 99111-0010', '1987-05-18', 1),
('Sérgio Moro Malta', 'sergio.malta@empresa.com', 'hash_senha_11', 'Tecnico', 'Ativo', '(11) 99111-0011', '1973-10-27', 1),
('Patrícia Pillar Lins', 'patricia.lins@empresa.com', 'hash_senha_12', 'Tecnico', 'Ativo', '(11) 99111-0012', '1982-02-11', 1),
('Fabio Assunção Reis', 'fabio.reis@empresa.com', 'hash_senha_13', 'Tecnico', 'Ativo', '(11) 99111-0013', '1986-04-09', 1),
('Isabela Freitas Ross', 'isabela.ross@empresa.com', 'hash_senha_14', 'Tecnico', 'Ativo', '(11) 99111-0014', '1991-08-14', 1),
('Henrique Fogaça Neto', 'henrique.fogaca@empresa.com', 'hash_senha_15', 'Tecnico', 'Ativo', '(11) 99111-0015', '1989-11-23', 1),
('Caroline Bittencourt', 'caroline.b@empresa.com', 'hash_senha_16', 'Tecnico', 'Ativo', '(11) 99111-0016', '1985-03-04', 1),
('Thiago Lacerda Brandão', 'thiago.brandao@empresa.com', 'hash_senha_17', 'Tecnico', 'Ativo', '(11) 99111-0017', '1983-09-17', 1),
('Renata Vasconcellos', 'renata.v@empresa.com', 'hash_senha_18', 'Tecnico', 'Ativo', '(11) 99111-0018', '1980-06-30', 1),
('Alexandre Nero Alves', 'alexandre.nero@empresa.com', 'hash_senha_19', 'Tecnico', 'Inativo', '(11) 99111-0019', '1977-01-15', 1),
('Amanda Costa Moura', 'amanda.moura@empresa.com', 'hash_senha_20', 'Tecnico', 'Ativo', '(11) 99111-0020', '1993-12-05', 1),
('Marcos Roberto Souza', 'marcos.souza@empresa.com', 'hash_senha_21', 'Supervisor', 'Ativo', '(11) 99222-0001', '1988-05-10', 2),
('Rodrigo Alves Ferreira', 'rodrigo.ferreira@empresa.com', 'hash_senha_22', 'Tecnico', 'Ativo', '(11) 99222-0002', '1992-09-15', 2),
('Marcelo Augusto Lima', 'marcelo.lima@empresa.com', 'hash_senha_23', 'Tecnico', 'Ativo', '(11) 99222-0003', '1985-02-28', 2),
('André Luiz Castro', 'andre.castro@empresa.com', 'hash_senha_24', 'Tecnico', 'Ativo', '(11) 99222-0004', '1980-07-14', 2),
('Bruno Cezar Dias', 'bruno.dias@empresa.com', 'hash_senha_25', 'Tecnico', 'Ativo', '(11) 99222-0005', '1995-11-20', 2),
('Jefferson Santos Melo', 'jefferson.melo@empresa.com', 'hash_senha_26', 'Tecnico', 'Inativo', '(11) 99222-0006', '1990-04-03', 2),
('Luciano Huck Barbosa', 'luciano.barbosa@empresa.com', 'hash_senha_27', 'Tecnico', 'Ativo', '(11) 99222-0007', '1983-10-12', 2),
('Wesley Safadão Silva', 'wesley.silva@empresa.com', 'hash_senha_28', 'Tecnico', 'Ativo', '(11) 99222-0008', '1994-06-25', 2),
('Alexandre Pires Reis', 'alexandre.pires@empresa.com', 'hash_senha_29', 'Tecnico', 'Ativo', '(11) 99222-0009', '1987-01-18', 2),
('Leandro Leonardo Costa', 'leandro.costa@empresa.com', 'hash_senha_30', 'Tecnico', 'Ativo', '(11) 99222-0010', '1979-12-30', 2),
('Douglas Costa Zan', 'douglas.zan@empresa.com', 'hash_senha_31', 'Tecnico', 'Ativo', '(11) 99222-0011', '1991-03-22', 2),
('Claudio Roberto Cruz', 'claudio.cruz@empresa.com', 'hash_senha_32', 'Tecnico', 'Ativo', '(11) 99222-0012', '1986-08-07', 2),
('Rogerio Ceni Matos', 'rogerio.matos@empresa.com', 'hash_senha_33', 'Tecnico', 'Ativo', '(11) 99222-0013', '1976-02-14', 2),
('Denis Alencar Viana', 'denis.viana@empresa.com', 'hash_senha_34', 'Tecnico', 'Ativo', '(11) 99222-0014', '1993-07-19', 2),
('Muricy Ramalho Paiva', 'muricy.paiva@empresa.com', 'hash_senha_35', 'Tecnico', 'Ativo', '(11) 99222-0015', '1965-05-04', 2),
('Jorge Jesus Nazário', 'jorge.nazario@empresa.com', 'hash_senha_36', 'Tecnico', 'Ativo', '(11) 99222-0016', '1970-09-29', 2),
('Abel Ferreira Santos', 'abel.santos@empresa.com', 'hash_senha_37', 'Tecnico', 'Ativo', '(11) 99222-0017', '1982-12-22', 2),
('Vanderlei Luxemburgo', 'vanderlei.l@empresa.com', 'hash_senha_38', 'Tecnico', 'Inativo', '(11) 99222-0018', '1960-03-11', 2),
('Tite Leonardo Bacchi', 'tite.bacchi@empresa.com', 'hash_senha_39', 'Tecnico', 'Ativo', '(11) 99222-0019', '1968-10-05', 2),
('Renato Portaluppi Gaúcho', 'renato.gaucho@empresa.com', 'hash_senha_40', 'Tecnico', 'Ativo', '(11) 99222-0020', '1972-04-17', 2),
('Pedro Henrique Rocha', 'pedro.rocha@empresa.com', 'hash_senha_41', 'Supervisor', 'Ativo', '(11) 99333-0001', '1990-01-12', 3),
('Lucas Gabriel Santos', 'lucas.santos@empresa.com', 'hash_senha_42', 'Tecnico', 'Ativo', '(11) 99333-0002', '1993-06-22', 3),
('Matheus Oliveira Lima', 'matheus.oliveira@empresa.com', 'hash_senha_43', 'Tecnico', 'Ativo', '(11) 99333-0003', '1996-10-05', 3),
('Guilherme Augusto Reis', 'guilherme.reis@empresa.com', 'hash_senha_44', 'Tecnico', 'Ativo', '(11) 99333-0004', '1989-03-14', 3),
('Thiago Henrique Ramos', 'thiago.ramos@empresa.com', 'hash_senha_45', 'Tecnico', 'Ativo', '(11) 99333-0005', '1984-07-29', 3),
('Gabriel Vinicius Rosa', 'gabriel.rosa@empresa.com', 'hash_senha_46', 'Tecnico', 'Ativo', '(11) 99333-0006', '1998-12-03', 3),
('Felipe Dylon Marques', 'felipe.marques@empresa.com', 'hash_senha_47', 'Tecnico', 'Inativo', '(11) 99333-0007', '1991-02-18', 3),
('Caio Castro Nogueira', 'caio.nogueira@empresa.com', 'hash_senha_48', 'Tecnico', 'Ativo', '(11) 99333-0008', '1992-08-24', 3),
('Nicolas Prattes Lima', 'nicolas.lima@empresa.com', 'hash_senha_49', 'Tecnico', 'Ativo', '(11) 99333-0009', '1995-05-11', 3),
('Arthur Aguiar Cruz', 'arthur.cruz@empresa.com', 'hash_senha_50', 'Tecnico', 'Ativo', '(11) 99333-0010', '1987-11-30', 3),
('Daniel Rocha Azevedo', 'daniel.azevedo@empresa.com', 'hash_senha_51', 'Tecnico', 'Ativo', '(11) 99333-0011', '1988-04-04', 3),
('Chay Suede Guimarães', 'chay.guimaraes@empresa.com', 'hash_senha_52', 'Tecnico', 'Ativo', '(11) 99333-0012', '1993-09-09', 3),
('Rômulo Estrela Neto', 'romulo.estrela@empresa.com', 'hash_senha_53', 'Tecnico', 'Ativo', '(11) 99333-0013', '1982-03-17', 3),
('Klebber Toledo Filho', 'klebber.toledo@empresa.com', 'hash_senha_54', 'Tecnico', 'Ativo', '(11) 99333-0014', '1986-06-21', 3),
('Cauã Reymond Marques', 'caua.marques@empresa.com', 'hash_senha_55', 'Tecnico', 'Ativo', '(11) 99333-0015', '1981-05-20', 3),
('Rafael Cardoso Souza', 'rafael.cardoso@empresa.com', 'hash_senha_56', 'Tecnico', 'Ativo', '(11) 99333-0016', '1985-11-12', 3),
('Rodrigo Lombardi Ramos', 'rodrigo.lombardi@empresa.com', 'hash_senha_57', 'Tecnico', 'Ativo', '(11) 99333-0017', '1979-10-15', 3),
('Murilo Benício Ribeiro', 'murilo.ribeiro@empresa.com', 'hash_senha_58', 'Tecnico', 'Inativo', '(11) 99333-0018', '1975-07-13', 3),
('Reynaldo Gianecchini', 'reynaldo.g@empresa.com', 'hash_senha_59', 'Tecnico', 'Ativo', '(11) 99333-0019', '1972-11-12', 3),
('Tony Ramos Leal', 'tony.ramos@empresa.com', 'hash_senha_60', 'Tecnico', 'Ativo', '(11) 99333-0020', '1955-08-25', 3),
('Linus Torvalds Souza', 'linus.torvalds@empresa.com', 'hash_senha_61', 'Supervisor', 'Ativo', '(11) 99444-0001', '1970-12-28', 4),
('Alan Turing Santos', 'alan.turing@empresa.com', 'hash_senha_62', 'Tecnico', 'Ativo', '(11) 99444-0002', '1952-06-23', 4),
('Bill Gates Cardoso', 'bill.gates@empresa.com', 'hash_senha_63', 'Tecnico', 'Ativo', '(11) 99444-0003', '1955-10-28', 4),
('Steve Jobs Pereira', 'steve.jobs@empresa.com', 'hash_senha_64', 'Tecnico', 'Ativo', '(11) 99444-0004', '1955-02-24', 4),
('Ada Lovelace Costa', 'ada.lovelace@empresa.com', 'hash_senha_65', 'Tecnico', 'Ativo', '(11) 99444-0005', '1945-12-10', 4),
('Grace Hopper Silva', 'grace.hopper@empresa.com', 'hash_senha_66', 'Tecnico', 'Ativo', '(11) 99444-0006', '1950-12-09', 4),
('Tim Berners Lee', 'tim.lee@empresa.com', 'hash_senha_67', 'Tecnico', 'Ativo', '(11) 99444-0007', '1965-06-08', 4),
('Mark Zuckerberg Melo', 'mark.zuck@empresa.com', 'hash_senha_68', 'Tecnico', 'Inativo', '(11) 99444-0008', '1984-05-14', 4),
('Elon Musk Alencar', 'elon.musk@empresa.com', 'hash_senha_69', 'Tecnico', 'Ativo', '(11) 99444-0009', '1971-06-28', 4),
('Jeff Bezos Antunes', 'jeff.bezos@empresa.com', 'hash_senha_70', 'Tecnico', 'Ativo', '(11) 99444-0010', '1964-01-12', 4),
('Satya Nadella Cruz', 'satya.nadella@empresa.com', 'hash_senha_71', 'Tecnico', 'Ativo', '(11) 99444-0011', '1967-08-19', 4),
('Sundar Pichai Lima', 'sundar.pichai@empresa.com', 'hash_senha_72', 'Tecnico', 'Ativo', '(11) 99444-0012', '1972-07-12', 4),
('Richard Stallman Reis', 'richard.stallman@empresa.com', 'hash_senha_73', 'Tecnico', 'Ativo', '(11) 99444-0013', '1953-03-16', 4),
('Dennis Ritchie Viana', 'dennis.ritchie@empresa.com', 'hash_senha_74', 'Tecnico', 'Ativo', '(11) 99444-0014', '1941-09-09', 4),
('Ken Thompson Matos', 'ken.thompson@empresa.com', 'hash_senha_75', 'Tecnico', 'Ativo', '(11) 99444-0015', '1943-02-04', 4),
('Bjarne Stroustrup', 'bjarne.s@empresa.com', 'hash_senha_76', 'Tecnico', 'Ativo', '(11) 99444-0016', '1950-12-30', 4),
('James Gosling Filho', 'james.gosling@empresa.com', 'hash_senha_77', 'Tecnico', 'Ativo', '(11) 99444-0017', '1955-05-19', 4),
('Guido Van Rossum', 'guido.rossum@empresa.com', 'hash_senha_78', 'Tecnico', 'Inativo', '(11) 99444-0018', '1956-01-31', 4),
('Brendan Eich Santos', 'brendan.eich@empresa.com', 'hash_senha_79', 'Tecnico', 'Ativo', '(11) 99444-0019', '1961-07-04', 4),
('Rasmus Lerdorf Neto', 'rasmus.lerdorf@empresa.com', 'hash_senha_80', 'Tecnico', 'Ativo', '(11) 99444-0020', '1968-11-22', 4),
('Juliana Paes Fontes', 'juliana.paes@empresa.com', 'hash_senha_81', 'Supervisor', 'Ativo', '(11) 99555-0001', '1979-03-26', 5),
('Paolla Oliveira Dias', 'paolla.oliveira@empresa.com', 'hash_senha_82', 'Tecnico', 'Ativo', '(11) 99555-0002', '1982-04-14', 5),
('Marina Ruy Barbosa', 'marina.ruy@empresa.com', 'hash_senha_83', 'Tecnico', 'Ativo', '(11) 99555-0003', '1995-06-30', 5),
('Bruna Marquezine Rosa', 'bruna.marq@empresa.com', 'hash_senha_84', 'Tecnico', 'Ativo', '(11) 99555-0004', '1995-08-04', 5),
('Grazi Massafera Melo', 'grazi.massafera@empresa.com', 'hash_senha_85', 'Tecnico', 'Ativo', '(11) 99555-0005', '1982-06-28', 5),
('Isis Valverde Ramos', 'isis.valverde@empresa.com', 'hash_senha_86', 'Tecnico', 'Ativo', '(11) 99555-0006', '1987-02-17', 5),
('Deborah Secco Prado', 'deborah.secco@empresa.com', 'hash_senha_87', 'Tecnico', 'Inativo', '(11) 99555-0007', '1979-11-26', 5),
('Giovanna Antonelli', 'giovanna.anto@empresa.com', 'hash_senha_88', 'Tecnico', 'Ativo', '(11) 99555-0008', '1976-03-18', 5),
('Taís Araújo Ramos', 'tais.araujo@empresa.com', 'hash_senha_89', 'Tecnico', 'Ativo', '(11) 99555-0009', '1978-11-25', 5),
('Camila Pitanga Lins', 'camila.pitanga@empresa.com', 'hash_senha_90', 'Tecnico', 'Ativo', '(11) 99555-0010', '1977-06-14', 5),
('Alinne Moraes Castro', 'alinne.moraes@empresa.com', 'hash_senha_91', 'Tecnico', 'Ativo', '(11) 99555-0011', '1982-12-22', 5),
('Vitória Strada Costa', 'vitoria.strada@empresa.com', 'hash_senha_92', 'Tecnico', 'Ativo', '(11) 99555-0012', '1996-10-12', 5),
('Alice Wegmann Melo', 'alice.wegmann@empresa.com', 'hash_senha_93', 'Tecnico', 'Ativo', '(11) 99555-0013', '1995-11-03', 5),
('Nanda Costa Marques', 'nanda.costa@empresa.com', 'hash_senha_94', 'Tecnico', 'Ativo', '(11) 99555-0014', '1986-09-24', 5),
('Letícia Colin Rocha', 'leticia.colin@empresa.com', 'hash_senha_95', 'Tecnico', 'Ativo', '(11) 99555-0015', '1989-12-30', 5),
('Sophie Charlotte Ross', 'sophie.c@empresa.com', 'hash_senha_96', 'Tecnico', 'Ativo', '(11) 99555-0016', '1989-04-29', 5),
('Nathalia Dill Alencar', 'nathalia.dill@empresa.com', 'hash_senha_97', 'Tecnico', 'Ativo', '(11) 99555-0017', '1986-03-24', 5),
('Agatha Moreira Lima', 'agatha.moreira@empresa.com', 'hash_senha_98', 'Tecnico', 'Inativo', '(11) 99555-0018', '1992-01-19', 5),
('Leandra Leal Castro', 'leandra.leal@empresa.com', 'hash_senha_99', 'Tecnico', 'Ativo', '(11) 99555-0019', '1982-08-13', 5),
('Adriana Esteves Carmo', 'adriana.esteves@empresa.com', 'hash_senha_100', 'Tecnico', 'Ativo', '(11) 99555-0020', '1969-12-15', 5),
('Fernanda Montenegro', 'fernanda.monte@empresa.com', 'hash_senha_101', 'Supervisor', 'Ativo', '(11) 99666-0001', '1929-10-16', 6),
('Glória Pires Ramos', 'gloria.pires@empresa.com', 'hash_senha_102', 'Tecnico', 'Ativo', '(11) 99666-0002', '1963-08-23', 6),
('Marieta Severo Costa', 'marieta.severo@empresa.com', 'hash_senha_103', 'Tecnico', 'Ativo', '(11) 99666-0003', '1946-11-02', 6),
('Lília Cabral Abreu', 'lilia.cabral@empresa.com', 'hash_senha_104', 'Tecnico', 'Ativo', '(11) 99666-0004', '1957-07-13', 6),
('Regina Casé Silva', 'regina.case@empresa.com', 'hash_senha_105', 'Tecnico', 'Ativo', '(11) 99666-0005', '1954-02-25', 6),
('Patrícia Pillar Mello', 'patricia.p@empresa.com', 'hash_senha_106', 'Tecnico', 'Ativo', '(11) 99666-0006', '1964-01-11', 6),
('Cláudia Raia Motta', 'claudia.raia@empresa.com', 'hash_senha_107', 'Tecnico', 'Inativo', '(11) 99666-0007', '1966-12-23', 6),
('Eliane Giardini Luz', 'eliane.giardini@empresa.com', 'hash_senha_108', 'Tecnico', 'Ativo', '(11) 99666-0008', '1952-10-20', 6),
('Vera Fischer Moura', 'vera.fischer@empresa.com', 'hash_senha_109', 'Tecnico', 'Ativo', '(11) 99666-0009', '1951-11-27', 6),
('Susana Vieira Souza', 'susana.vieira@empresa.com', 'hash_senha_110', 'Tecnico', 'Ativo', '(11) 99666-0010', '1942-08-23', 6),
('Arlete Salles Pinto', 'arlete.salles@empresa.com', 'hash_senha_111', 'Tecnico', 'Ativo', '(11) 99666-0011', '1942-06-17', 6),
('Nívea Maria Candido', 'nivea.maria@empresa.com', 'hash_senha_112', 'Tecnico', 'Ativo', '(11) 99666-0012', '1947-03-07', 6),
('Laura Cardoso Lima', 'laura.cardoso@empresa.com', 'hash_senha_113', 'Tecnico', 'Ativo', '(11) 99666-0013', '1927-09-13', 6),
('Fernanda Torres Neto', 'fernanda.torres@empresa.com', 'hash_senha_114', 'Tecnico', 'Ativo', '(11) 99666-0014', '1965-09-15', 6),
('Drica Moraes Santos', 'drica.moraes@empresa.com', 'hash_senha_115', 'Tecnico', 'Ativo', '(11) 99666-0015', '1969-07-29', 6),
('Malfe Mader Fontes', 'malu.mader@empresa.com', 'hash_senha_116', 'Tecnico', 'Ativo', '(11) 99666-0016', '1966-09-12', 6),
('Carolina Dieckmann', 'carolina.d@empresa.com', 'hash_senha_117', 'Tecnico', 'Ativo', '(11) 99666-0017', '1978-09-16', 6),
('Giovanna Ewbank G', 'giovanna.ewbank@empresa.com', 'hash_senha_118', 'Tecnico', 'Inativo', '(11) 99666-0018', '1986-09-14', 6),
('Fernanda Lima Costa', 'fernanda.lima@empresa.com', 'hash_senha_119', 'Tecnico', 'Ativo', '(11) 99666-0019', '1977-06-25', 6),
('Ana Maria Braga Reis', 'ana.maria@empresa.com', 'hash_senha_120', 'Tecnico', 'Ativo', '(11) 99666-0020', '1949-04-01', 6),
('Pedro Pascal Silva', 'pedro.pascal@empresa.com', 'hash_senha_121', 'Tecnico', 'Ativo', '(11) 99111-0021', '1975-04-02', 1),
('Zendaya Coleman Rosa', 'zendaya@empresa.com', 'hash_senha_122', 'Tecnico', 'Ativo', '(11) 99111-0022', '1996-09-01', 1),
('Keanu Reeves Mattos', 'keanu.reeves@empresa.com', 'hash_senha_123', 'Tecnico', 'Ativo', '(11) 99111-0023', '1964-09-02', 1),
('Tom Holland Neves', 'tom.holland@empresa.com', 'hash_senha_124', 'Tecnico', 'Inativo', '(11) 99111-0024', '1996-06-01', 1),
('Neymar Junior Santos', 'neymar.jr@empresa.com', 'hash_senha_125', 'Tecnico', 'Ativo', '(11) 99222-0021', '1992-02-05', 2),
('Lionel Messi Cuccitini', 'lionel.messi@empresa.com', 'hash_senha_126', 'Tecnico', 'Ativo', '(11) 99222-0022', '1987-06-24', 2),
('Cristiano Ronaldo Aveiro', 'cr7.robozao@empresa.com', 'hash_senha_127', 'Tecnico', 'Ativo', '(11) 99222-0023', '1985-02-05', 2),
('Marta Vieira Silva', 'marta.rainha@empresa.com', 'hash_senha_128', 'Tecnico', 'Ativo', '(11) 99222-0024', '1986-02-19', 2),
('Selena Gomez Souza', 'selena.gomez@empresa.com', 'hash_senha_129', 'Tecnico', 'Ativo', '(11) 99333-0021', '1992-07-22', 3),
('Taylor Swift Alencar', 'taylor.swift@empresa.com', 'hash_senha_130', 'Tecnico', 'Ativo', '(11) 99333-0022', '1989-12-13', 3),
('Beyoncé Knowles Carter', 'beyonce@empresa.com', 'hash_senha_131', 'Tecnico', 'Ativo', '(11) 99333-0023', '1981-09-04', 3),
('Bruno Mars Ramos', 'bruno.mars@empresa.com', 'hash_senha_132', 'Tecnico', 'Inativo', '(11) 99333-0024', '1985-10-08', 3),
('Steve Wozniak Lima', 'steve.woz@empresa.com', 'hash_senha_133', 'Tecnico', 'Ativo', '(11) 99444-0021', '1950-08-11', 4),
('Michael Cracker Reis', 'mike.hacker@empresa.com', 'hash_senha_134', 'Tecnico', 'Ativo', '(11) 99444-0022', '1988-10-10', 4),
('Ada Lovelace Segunda', 'ada.segunda@empresa.com', 'hash_senha_135', 'Tecnico', 'Ativo', '(11) 99444-0023', '1999-01-15', 4),
('Gabe Newell Valvula', 'gabe.newell@empresa.com', 'hash_senha_136', 'Tecnico', 'Ativo', '(11) 99444-0024', '1962-11-03', 4),
('Anitta Larissa Machado', 'anitta.poderosa@empresa.com', 'hash_senha_137', 'Tecnico', 'Ativo', '(11) 99555-0021', '1993-03-30', 5),
('Ludmilla Oliveira Silva', 'ludmilla@empresa.com', 'hash_senha_138', 'Tecnico', 'Ativo', '(11) 99555-0022', '1995-04-24', 5),
('Luísa Sonza Gerloff', 'luisa.sonza@empresa.com', 'hash_senha_139', 'Tecnico', 'Ativo', '(11) 99555-0023', '1998-07-18', 5),
('Pabllo Vittar Rodrigues', 'pabllo.vittar@empresa.com', 'hash_senha_140', 'Tecnico', 'Inativo', '(11) 99555-0024', '1993-11-01', 5),
('Wagner Moura Prado', 'wagner.moura@empresa.com', 'hash_senha_141', 'Tecnico', 'Ativo', '(11) 99111-0025', '1976-06-27', 1),
('Alice Braga Moraes', 'alice.braga@empresa.com', 'hash_senha_142', 'Tecnico', 'Ativo', '(11) 99111-0026', '1983-04-15', 1),
('Rodrigo Santoro Costa', 'rodrigo.santoro@empresa.com', 'hash_senha_143', 'Tecnico', 'Ativo', '(11) 99111-0027', '1975-08-22', 1),
('Sonia Braga Oliveira', 'sonia.braga@empresa.com', 'hash_senha_144', 'Tecnico', 'Inativo', '(11) 99111-0028', '1950-06-08', 1),
('Gabriel Medina Pinto', 'gabriel.medina@empresa.com', 'hash_senha_145', 'Tecnico', 'Ativo', '(11) 99222-0025', '1993-12-22', 2),
('Rayssa Leal Silva', 'rayssa.leal@empresa.com', 'hash_senha_146', 'Tecnico', 'Ativo', '(11) 99222-0026', '2008-01-04', 2),
('Rebeca Andrade Lima', 'rebeca.andrade@empresa.com', 'hash_senha_147', 'Tecnico', 'Ativo', '(11) 99222-0027', '1999-05-08', 2),
('Ítalo Ferreira Melo', 'italo.ferreira@empresa.com', 'hash_senha_148', 'Tecnico', 'Ativo', '(11) 99222-0028', '1994-04-06', 2),
('Caetano Veloso Ramos', 'caetano.veloso@empresa.com', 'hash_senha_149', 'Tecnico', 'Ativo', '(11) 99333-0025', '1942-08-07', 3),
('Gilberto Gil Passos', 'gilberto.gil@empresa.com', 'hash_senha_150', 'Tecnico', 'Ativo', '(11) 99333-0026', '1942-06-26', 3),
('Chico Buarque Hollanda', 'chico.buarque@empresa.com', 'hash_senha_151', 'Tecnico', 'Ativo', '(11) 99333-0027', '1944-06-19', 3),
('Milton Nascimento Luz', 'milton.nascimento@empresa.com', 'hash_senha_152', 'Tecnico', 'Inativo', '(11) 99333-0028', '1942-10-26', 3),
('Sam Altman Cruz', 'sam.altman@empresa.com', 'hash_senha_153', 'Tecnico', 'Ativo', '(11) 99444-0025', '1985-04-22', 4),
('Demis Hassabis Reis', 'demis.hassabis@empresa.com', 'hash_senha_154', 'Tecnico', 'Ativo', '(11) 99444-0026', '1976-07-27', 4),
('Yann LeCun Silva', 'yann.lecun@empresa.com', 'hash_senha_155', 'Tecnico', 'Ativo', '(11) 99444-0027', '1960-07-08', 4),
('Andrew Ng Alencar', 'andrew.ng@empresa.com', 'hash_senha_156', 'Tecnico', 'Ativo', '(11) 99444-0028', '1976-04-18', 4),
('Ivete Sangalo Cady', 'ivete.sangalo@empresa.com', 'hash_senha_157', 'Tecnico', 'Ativo', '(11) 99555-0025', '1972-05-27', 5),
('Claudia Leitte Inacio', 'claudia.leitte@empresa.com', 'hash_senha_158', 'Tecnico', 'Ativo', '(11) 99555-0026', '1980-07-10', 5),
('Alok Achkar Peres', 'alok.dj@empresa.com', 'hash_senha_159', 'Tecnico', 'Ativo', '(11) 99555-0027', '1991-08-26', 5),
('Luisa Possi Brandão', 'luisa.possi@empresa.com', 'hash_senha_160', 'Tecnico', 'Inativo', '(11) 99555-0028', '1984-06-26', 5);



-- 3. TÉCNICOS
INSERT INTO Tecnicos (id_usuario, email_usuario, telefone_usuario, id_setor, cargo_tecnico, nivel_experiencia, disponibilidade_tecnico) VALUES
(2, 'mariana.costa@empresa.com', '(11) 99111-0002', 1, 'Tecnico Informatica', 'Pleno', 'Disponível'),
(3, 'roberto.prado@empresa.com', '(11) 99111-0003', 1, 'Tecnico Informatica', 'Senior', 'Disponível'),
(4, 'leticia.rocha@empresa.com', '(11) 99111-0004', 1, 'Tecnico Informatica', 'Junior', 'Disponível'),
(5, 'ricardo.aguiar@empresa.com', '(11) 99111-0005', 1, 'Tecnico Informatica', 'Pleno', 'Disponível'),
(6, 'beatriz.camargo@empresa.com', '(11) 99111-0006', 1, 'Tecnico Informatica', 'Senior', 'Disponível'),
(7, 'arthur.peixoto@empresa.com', '(11) 99111-0007', 1, 'Tecnico Informatica', 'Junior', 'Disponível'),
(8, 'daniela.bueno@empresa.com', '(11) 99111-0008', 1, 'Tecnico Informatica', 'Pleno', 'Afastado'),
(9, 'gustavo.werneck@empresa.com', '(11) 99111-0009', 1, 'Tecnico Informatica', 'Senior', 'Disponível'),
(10, 'helena.luz@empresa.com', '(11) 99111-0010', 1, 'Tecnico Informatica', 'Master', 'Disponível'),
(11, 'sergio.malta@empresa.com', '(11) 99111-0011', 1, 'Tecnico Informatica', 'Junior', 'Disponível'),
(12, 'patricia.lins@empresa.com', '(11) 99111-0012', 1, 'Tecnico Informatica', 'Pleno', 'Disponível'),
(13, 'fabio.reis@empresa.com', '(11) 99111-0013', 1, 'Tecnico Informatica', 'Senior', 'Disponível'),
(14, 'isabela.ross@empresa.com', '(11) 99111-0014', 1, 'Tecnico Informatica', 'Junior', 'Disponível'),
(15, 'henrique.fogaca@empresa.com', '(11) 99111-0015', 1, 'Tecnico Informatica', 'Pleno', 'Disponível'),
(16, 'caroline.b@empresa.com', '(11) 99111-0016', 1, 'Tecnico Informatica', 'Senior', 'Disponível'),
(17, 'thiago.brandao@empresa.com', '(11) 99111-0017', 1, 'Tecnico Informatica', 'Master', 'Disponível'),
(18, 'renata.v@empresa.com', '(11) 99111-0018', 1, 'Tecnico Informatica', 'Junior', 'Disponível'),
(19, 'alexandre.nero@empresa.com', '(11) 99111-0019', 1, 'Tecnico Informatica', 'Pleno', 'Afastado'),
(20, 'amanda.moura@empresa.com', '(11) 99111-0020', 1, 'Tecnico Informatica', 'Senior', 'Disponível'),
(22, 'rodrigo.ferreira@empresa.com', '(11) 99222-0002', 2, 'Tecnico Manutencao', 'Junior', 'Disponível'),
(23, 'marcelo.lima@empresa.com', '(11) 99222-0003', 2, 'Tecnico Manutencao', 'Pleno', 'Em Campo'),
(24, 'andre.castro@empresa.com', '(11) 99222-0004', 2, 'Tecnico Manutencao', 'Senior', 'Disponível'),
(25, 'bruno.dias@empresa.com', '(11) 99222-0005', 2, 'Tecnico Manutencao', 'Junior', 'Disponível'),
(26, 'jefferson.melo@empresa.com', '(11) 99222-0006', 2, 'Tecnico Manutencao', 'Pleno', 'Afastado'),
(27, 'luciano.barbosa@empresa.com', '(11) 99222-0007', 2, 'Tecnico Manutencao', 'Senior', 'Disponível'),
(28, 'wesley.silva@empresa.com', '(11) 99222-0008', 2, 'Tecnico Manutencao', 'Master', 'Em Campo'),
(29, 'alexandre.pires@empresa.com', '(11) 99222-0009', 2, 'Tecnico Manutencao', 'Junior', 'Disponível'),
(30, 'leandro.costa@empresa.com', '(11) 99222-0010', 2, 'Tecnico Manutencao', 'Pleno', 'Disponível'),
(31, 'douglas.zan@empresa.com', '(11) 99222-0011', 2, 'Tecnico Manutencao', 'Senior', 'Disponível'),
(32, 'claudio.cruz@empresa.com', '(11) 99222-0012', 2, 'Tecnico Manutencao', 'Junior', 'Em Campo'),
(33, 'rogerio.matos@empresa.com', '(11) 99222-0013', 2, 'Tecnico Manutencao', 'Pleno', 'Disponível'),
(34, 'denis.viana@empresa.com', '(11) 99222-0014', 2, 'Tecnico Manutencao', 'Senior', 'Férias'),
(35, 'muricy.paiva@empresa.com', '(11) 99222-0015', 2, 'Tecnico Manutencao', 'Master', 'Disponível'),
(36, 'jorge.nazario@empresa.com', '(11) 99222-0016', 2, 'Tecnico Manutencao', 'Junior', 'Disponível'),
(37, 'abel.santos@empresa.com', '(11) 99222-0017', 2, 'Tecnico Manutencao', 'Pleno', 'Em Campo'),
(38, 'vanderlei.l@empresa.com', '(11) 99222-0018', 2, 'Tecnico Manutencao', 'Senior', 'Afastado'),
(39, 'tite.bacchi@empresa.com', '(11) 99222-0019', 2, 'Tecnico Manutencao', 'Master', 'Disponível'),
(40, 'renato.gaucho@empresa.com', '(11) 99222-0020', 2, 'Tecnico Manutencao', 'Senior', 'Disponível'),
(42, 'lucas.santos@empresa.com', '(11) 99333-0002', 3, 'Tecnico Logistica', 'Junior', 'Disponível'),
(43, 'matheus.oliveira@empresa.com', '(11) 99333-0003', 3, 'Tecnico Logistica', 'Pleno', 'Disponível'),
(44, 'guilherme.reis@empresa.com', '(11) 99333-0004', 3, 'Tecnico Logistica', 'Senior', 'Em Campo'),
(45, 'thiago.ramos@empresa.com', '(11) 99333-0005', 3, 'Tecnico Logistica', 'Junior', 'Disponível'),
(46, 'gabriel.rosa@empresa.com', '(11) 99333-0006', 3, 'Tecnico Logistica', 'Pleno', 'Disponível'),
(47, 'felipe.marques@empresa.com', '(11) 99333-0007', 3, 'Tecnico Logistica', 'Senior', 'Afastado'),
(48, 'caio.nogueira@empresa.com', '(11) 99333-0008', 3, 'Tecnico Logistica', 'Master', 'Disponível'),
(49, 'nicolas.lima@empresa.com', '(11) 99333-0009', 3, 'Tecnico Logistica', 'Junior', 'Em Campo'),
(50, 'arthur.cruz@empresa.com', '(11) 99333-0010', 3, 'Tecnico Logistica', 'Pleno', 'Disponível'),
(51, 'daniel.azevedo@empresa.com', '(11) 99333-0011', 3, 'Tecnico Logistica', 'Senior', 'Férias'),
(52, 'chay.guimaraes@empresa.com', '(11) 99333-0012', 3, 'Tecnico Logistica', 'Junior', 'Disponível'),
(53, 'romulo.estrela@empresa.com', '(11) 99333-0013', 3, 'Tecnico Logistica', 'Pleno', 'Disponível'),
(54, 'klebber.toledo@empresa.com', '(11) 99333-0014', 3, 'Tecnico Logistica', 'Senior', 'Em Campo'),
(55, 'caua.marques@empresa.com', '(11) 99333-0015', 3, 'Tecnico Logistica', 'Master', 'Disponível'),
(56, 'rafael.cardoso@empresa.com', '(11) 99333-0016', 3, 'Tecnico Logistica', 'Junior', 'Disponível'),
(57, 'rodrigo.lombardi@empresa.com', '(11) 99333-0017', 3, 'Tecnico Logistica', 'Pleno', 'Disponível'),
(58, 'murilo.ribeiro@empresa.com', '(11) 99333-0018', 3, 'Tecnico Logistica', 'Senior', 'Afastado'),
(59, 'reynaldo.g@empresa.com', '(11) 99333-0019', 3, 'Tecnico Logistica', 'Master', 'Disponível'),
(60, 'tony.ramos@empresa.com', '(11) 99333-0020', 3, 'Tecnico Logistica', 'Senior', 'Disponível'),
(62, 'alan.turing@empresa.com', '(11) 99444-0002', 4, 'Tecnico Sistemas', 'Junior', 'Disponível'),
(63, 'bill.gates@empresa.com', '(11) 99444-0003', 4, 'Tecnico Sistemas', 'Pleno', 'Disponível'),
(64, 'steve.jobs@empresa.com', '(11) 99444-0004', 4, 'Tecnico Sistemas', 'Senior', 'Disponível'),
(65, 'ada.lovelace@empresa.com', '(11) 99444-0005', 4, 'Tecnico Sistemas', 'Junior', 'Disponível'),
(66, 'grace.hopper@empresa.com', '(11) 99444-0006', 4, 'Tecnico Sistemas', 'Pleno', 'Disponível'),
(67, 'tim.lee@empresa.com', '(11) 99444-0007', 4, 'Tecnico Sistemas', 'Senior', 'Disponível'),
(68, 'mark.zuck@empresa.com', '(11) 99444-0008', 4, 'Tecnico Sistemas', 'Master', 'Afastado'),
(69, 'elon.musk@empresa.com', '(11) 99444-0009', 4, 'Tecnico Sistemas', 'Junior', 'Disponível'),
(70, 'jeff.bezos@empresa.com', '(11) 99444-0010', 4, 'Tecnico Sistemas', 'Pleno', 'Disponível'),
(71, 'satya.nadella@empresa.com', '(11) 99444-0011', 4, 'Tecnico Sistemas', 'Senior', 'Disponível'),
(72, 'sundar.pichai@empresa.com', '(11) 99444-0012', 4, 'Tecnico Sistemas', 'Junior', 'Disponível'),
(73, 'richard.stallman@empresa.com', '(11) 99444-0013', 4, 'Tecnico Sistemas', 'Pleno', 'Férias'),
(74, 'dennis.ritchie@empresa.com', '(11) 99444-0014', 4, 'Tecnico Sistemas', 'Senior', 'Disponível'),
(75, 'ken.thompson@empresa.com', '(11) 99444-0015', 4, 'Tecnico Sistemas', 'Master', 'Disponível'),
(76, 'bjarne.s@empresa.com', '(11) 99444-0016', 4, 'Tecnico Sistemas', 'Junior', 'Disponível'),
(77, 'james.gosling@empresa.com', '(11) 99444-0017', 4, 'Tecnico Sistemas', 'Pleno', 'Disponível'),
(78, 'guido.rossum@empresa.com', '(11) 99444-0018', 4, 'Tecnico Sistemas', 'Senior', 'Afastado'),
(79, 'brendan.eich@empresa.com', '(11) 99444-0019', 4, 'Tecnico Sistemas', 'Master', 'Disponível'),
(80, 'rasmus.lerdorf@empresa.com', '(11) 99444-0020', 4, 'Tecnico Sistemas', 'Senior', 'Disponível'),
(82, 'paolla.oliveira@empresa.com', '(11) 99555-0002', 5, 'Tecnico Suprimentos', 'Junior', 'Disponível'),
(83, 'marina.ruy@empresa.com', '(11) 99555-0003', 5, 'Tecnico Suprimentos', 'Pleno', 'Disponível'),
(84, 'bruna.marq@empresa.com', '(11) 99555-0004', 5, 'Tecnico Suprimentos', 'Senior', 'Disponível'),
(85, 'grazi.massafera@empresa.com', '(11) 99555-0005', 5, 'Tecnico Suprimentos', 'Junior', 'Disponível'),
(86, 'isis.valverde@empresa.com', '(11) 99555-0006', 5, 'Tecnico Suprimentos', 'Pleno', 'Disponível'),
(87, 'deborah.secco@empresa.com', '(11) 99555-0007', 5, 'Tecnico Suprimentos', 'Senior', 'Afastado'),
(88, 'giovanna.anto@empresa.com', '(11) 99555-0008', 5, 'Tecnico Suprimentos', 'Master', 'Disponível'),
(89, 'tais.araujo@empresa.com', '(11) 99555-0009', 5, 'Tecnico Suprimentos', 'Junior', 'Disponível'),
(90, 'camila.pitanga@empresa.com', '(11) 99555-0010', 5, 'Tecnico Suprimentos', 'Pleno', 'Férias'),
(91, 'alinne.moraes@empresa.com', '(11) 99555-0011', 5, 'Tecnico Suprimentos', 'Senior', 'Disponível'),
(92, 'vitoria.strada@empresa.com', '(11) 99555-0012', 5, 'Tecnico Suprimentos', 'Junior', 'Disponível'),
(93, 'alice.wegmann@empresa.com', '(11) 99555-0013', 5, 'Tecnico Suprimentos', 'Pleno', 'Disponível'),
(94, 'nanda.costa@empresa.com', '(11) 99555-0014', 5, 'Tecnico Suprimentos', 'Senior', 'Disponível'),
(95, 'leticia.colin@empresa.com', '(11) 99555-0015', 5, 'Tecnico Suprimentos', 'Master', 'Disponível'),
(96, 'sophie.c@empresa.com', '(11) 99555-0016', 5, 'Tecnico Suprimentos', 'Junior', 'Disponível'),
(97, 'nathalia.dill@empresa.com', '(11) 99555-0017', 5, 'Tecnico Suprimentos', 'Pleno', 'Disponível'),
(98, 'agatha.moreira@empresa.com', '(11) 99555-0018', 5, 'Tecnico Suprimentos', 'Senior', 'Afastado'),
(99, 'leandra.leal@empresa.com', '(11) 99555-0019', 5, 'Tecnico Suprimentos', 'Master', 'Disponível'),
(100, 'adriana.esteves@empresa.com', '(11) 99555-0020', 5, 'Tecnico Suprimentos', 'Senior', 'Disponível'),
(102, 'gloria.pires@empresa.com', '(11) 99666-0002', 6, 'Tecnico RH', 'Junior', 'Disponível'),
(103, 'marieta.severo@empresa.com', '(11) 99666-0003', 6, 'Tecnico RH', 'Pleno', 'Disponível'),
(104, 'lilia.cabral@empresa.com', '(11) 99666-0004', 6, 'Tecnico RH', 'Senior', 'Disponível'),
(105, 'regina.case@empresa.com', '(11) 99666-0005', 6, 'Tecnico RH', 'Junior', 'Disponível'),
(106, 'patricia.p@empresa.com', '(11) 99666-0006', 6, 'Tecnico RH', 'Pleno', 'Disponível'),
(107, 'claudia.raia@empresa.com', '(11) 99666-0007', 6, 'Tecnico RH', 'Senior', 'Afastado'),
(108, 'eliane.giardini@empresa.com', '(11) 99666-0008', 6, 'Tecnico RH', 'Master', 'Disponível'),
(109, 'vera.fischer@empresa.com', '(11) 99666-0009', 6, 'Tecnico RH', 'Junior', 'Disponível'),
(110, 'susana.vieira@empresa.com', '(11) 99666-0010', 6, 'Tecnico RH', 'Pleno', 'Disponível'),
(111, 'arlete.salles@empresa.com', '(11) 99666-0011', 6, 'Tecnico RH', 'Senior', 'Férias'),
(112, 'nivea.maria@empresa.com', '(11) 99666-0012', 6, 'Tecnico RH', 'Junior', 'Disponível'),
(113, 'laura.cardoso@empresa.com', '(11) 99666-0013', 6, 'Tecnico RH', 'Pleno', 'Disponível'),
(114, 'fernanda.torres@empresa.com', '(11) 99666-0014', 6, 'Tecnico RH', 'Senior', 'Disponível'),
(115, 'drica.moraes@empresa.com', '(11) 99666-0015', 6, 'Tecnico RH', 'Master', 'Disponível'),
(116, 'malu.mader@empresa.com', '(11) 99666-0016', 6, 'Tecnico RH', 'Junior', 'Disponível'),
(117, 'carolina.d@empresa.com', '(11) 99666-0017', 6, 'Tecnico RH', 'Pleno', 'Disponível'),
(118, 'giovanna.ewbank@empresa.com', '(11) 99666-0018', 6, 'Tecnico RH', 'Senior', 'Afastado'),
(119, 'fernanda.lima@empresa.com', '(11) 99666-0019', 6, 'Tecnico RH', 'Master', 'Disponível'),
(120, 'ana.maria@empresa.com', '(11) 99666-0020', 6, 'Tecnico RH', 'Senior', 'Disponível'),
(121, 'pedro.pascal@empresa.com', '(11) 99111-0021', 1, 'Tecnico', 'Pleno', 'Disponível'),
(122, 'zendaya@empresa.com', '(11) 99111-0022', 1, 'Tecnico', 'Junior', 'Em Campo'),
(123, 'keanu.reeves@empresa.com', '(11) 99111-0023', 1, 'Tecnico', 'Senior', 'Afastado'),
(124, 'tom.holland@empresa.com', '(11) 99111-0024', 1, 'Tecnico', 'Junior', 'Férias'),
(125, 'neymar.jr@empresa.com', '(11) 99222-0021', 2, 'Tecnico', 'Pleno', 'Em Campo'),
(126, 'lionel.messi@empresa.com', '(11) 99222-0022', 2, 'Tecnico', 'Senior', 'Disponível'),
(127, 'cr7.robozao@empresa.com', '(11) 99222-0023', 2, 'Tecnico', 'Senior', 'Em Campo'),
(128, 'marta.rainha@empresa.com', '(11) 99222-0024', 2, 'Tecnico', 'Senior', 'Disponível'),
(129, 'selena.gomez@empresa.com', '(11) 99333-0021', 3, 'Tecnico', 'Junior', 'Férias'),
(130, 'taylor.swift@empresa.com', '(11) 99333-0022', 3, 'Tecnico', 'Senior', 'Em Campo'),
(131, 'beyonce@empresa.com', '(11) 99333-0023', 3, 'Tecnico', 'Senior', 'Disponível'),
(132, 'bruno.mars@empresa.com', '(11) 99333-0024', 3, 'Tecnico', 'Pleno', 'Afastado'),
(133, 'steve.woz@empresa.com', '(11) 99444-0021', 4, 'Tecnico', 'Senior', 'Disponível'),
(134, 'mike.hacker@empresa.com', '(11) 99444-0022', 4, 'Tecnico', 'Pleno', 'Em Campo'),
(135, 'ada.segunda@empresa.com', '(11) 99444-0023', 4, 'Tecnico', 'Junior', 'Disponível'),
(136, 'gabe.newell@empresa.com', '(11) 99444-0024', 4, 'Tecnico', 'Senior', 'Férias'),
(137, 'anitta.poderosa@empresa.com', '(11) 99555-0021', 5, 'Tecnico', 'Pleno', 'Em Campo'),
(138, 'ludmilla@empresa.com', '(11) 99555-0022', 5, 'Tecnico', 'Junior', 'Disponível'),
(139, 'luisa.sonza@empresa.com', '(11) 99555-0023', 5, 'Tecnico', 'Junior', 'Em Campo'),
(140, 'pabllo.vittar@empresa.com', '(11) 99555-0024', 5, 'Tecnico', 'Pleno', 'Afastado'),
(141, 'wagner.moura@empresa.com', '(11) 99111-0025', 1, 'Tecnico', 'Senior', 'Em Campo'),
(142, 'alice.braga@empresa.com', '(11) 99111-0026', 1, 'Tecnico', 'Pleno', 'Disponível'),
(143, 'rodrigo.santoro@empresa.com', '(11) 99111-0027', 1, 'Tecnico', 'Senior', 'Disponível'),
(144, 'sonia.braga@empresa.com', '(11) 99111-0028', 1, 'Tecnico', 'Senior', 'Afastado'),
(145, 'gabriel.medina@empresa.com', '(11) 99222-0025', 2, 'Tecnico', 'Pleno', 'Disponível'),
(146, 'rayssa.leal@empresa.com', '(11) 99222-0026', 2, 'Tecnico', 'Junior', 'Em Campo'),
(147, 'rebeca.andrade@empresa.com', '(11) 99222-0027', 2, 'Tecnico', 'Pleno', 'Férias'),
(148, 'italo.ferreira@empresa.com', '(11) 99222-0028', 2, 'Tecnico', 'Pleno', 'Em Campo'),
(149, 'caetano.veloso@empresa.com', '(11) 99333-0025', 3, 'Tecnico', 'Senior', 'Disponível'),
(150, 'gilberto.gil@empresa.com', '(11) 99333-0026', 3, 'Tecnico', 'Senior', 'Disponível'),
(151, 'chico.buarque@empresa.com', '(11) 99333-0027', 3, 'Tecnico', 'Senior', 'Em Campo'),
(152, 'milton.nascimento@empresa.com', '(11) 99333-0028', 3, 'Tecnico', 'Senior', 'Férias'),
(153, 'sam.altman@empresa.com', '(11) 99444-0025', 4, 'Tecnico', 'Senior', 'Em Campo'),
(154, 'demis.hassabis@empresa.com', '(11) 99444-0026', 4, 'Tecnico', 'Senior', 'Disponível'),
(155, 'yann.lecun@empresa.com', '(11) 99444-0027', 4, 'Tecnico', 'Senior', 'Disponível'),
(156, 'andrew.ng@empresa.com', '(11) 99444-0028', 4, 'Tecnico', 'Senior', 'Afastado'),
(157, 'ivete.sangalo@empresa.com', '(11) 99555-0025', 5, 'Tecnico', 'Senior', 'Disponível'),
(158, 'claudia.leitte@empresa.com', '(11) 99555-0026', 5, 'Tecnico', 'Pleno', 'Em Campo'),
(159, 'alok.dj@empresa.com', '(11) 99555-0027', 5, 'Tecnico', 'Pleno', 'Em Campo'),
(160, 'luisa.possi@empresa.com', '(11) 99555-0028', 5, 'Tecnico', 'Junior', 'Férias');



-- 4. MODELOS DE MÁQUINAS
INSERT INTO Modelos_Maquinas (id_maquina, nome_maquina, fabricante_maquina, nome_modelo, descricao_tecnica, potencia_especificacao) VALUES
(1, 'Centro de Usinagem', 'Hyundai Wia', 'I-Cut 380Ti', 'Centro de usinagem de alta velocidade', '15 kW'),
(2, 'Torno CNC', 'Hyundai', 'E 160 LA', 'Torno CNC para barramento inclinado', '11 kW'),
(3, 'Furadeira de Coluna', 'Joinville', 'Furadeira de Coluna Joinville', 'Furadeira mecânica de coluna', '2 HP'),
(4, 'Furadeira de Bancada', 'Mello', 'Furadeira de Bancada Mello', 'Furadeira de bancada para pequenos furos', '1 HP'),
(5, 'Furadeira de Bancada', 'MotoMil', 'Furadeira de Bancada MotoMil', 'Equipamento de furação hobby/oficina', '0.5 HP'),
(6, 'Furadeira de Bancada', 'Schulz', 'Furadeira de Bancada Schulz', 'Furadeira robusta para oficina', '0.75 HP'),
(7, 'Furadeira de Coluna', 'Newton', 'Furadeira de Coluna Newton', 'Furadeira industrial pesada', '3 HP'),
(8, 'Furadeira de Coluna', 'S.A Yadoya', 'Furadeira de Coluna S.A Yadoya', 'Furadeira de coluna de alta precisão', '2.5 HP'),
(9, 'Furadeira de Coluna', 'Kone', 'KM 25', 'Furadeira de coluna engrenada', '2 HP'),
(10, 'Lixadeira Combinada', 'Razi', 'Lixadeira Combinada Razi', 'Lixadeira de disco e cinta integrados', '1.5 HP'),
(11, 'Motoesmeril', 'Somar', 'Motoesmeril Somar', 'Esmeril bifásico/trifásico para desbaste', '1 HP'),
(12, 'Máquina Eletrodo Revestido', 'Sumig', 'Fox 200', 'Inversora de solda para eletrodo', '200A'),
(13, 'Máquina Mig/Mag', 'Sumig', 'HAWK 305', 'Equipamento de solda industrial MIG/MAG', '300A'),
(14, 'Jato de Granalha', 'CMV', 'GS-9075 X CMV', 'Cabine de jateamento por ar comprimido', '5 HP'),
(15, 'Furadeira de Coluna', 'Sem modelo definido', 'Padrão', 'Furadeira genérica de caldeiraria', '1.5 HP'),
(16, 'Policorte', 'Bosch', 'GCO 2000 Bosch', 'Serra rápida para cortar metais', '2000W'),
(17, 'Paleteira', 'TM2220', 'Paleteira TM2220', 'Transpalete manual hidráulico', '2.2 TON'),
(18, 'Guincho Hidráulico (girafa)', 'Guincho Hidráulico 2 TON', 'G2000', 'Guincho mecânico para movimentação de motores', '2 TON'),
(19, 'Prensa Hidraúlica', 'Prensa Hidraúlica 15 TON', 'ST', 'Prensa hidráulica tipo H', '15 TON'),
(20, 'Lavador de Peça', 'Fabricação WEG', 'Sob medida', 'Lavadora de peças por circulação de fluido', '0.5 HP'),
(21, 'Prensa Hidráulica 200T', 'Schuler', 'PE-200T', 'Prensa industrial para conformação', '200 Ton'),
(22, 'Compressor de Parafuso', 'Atlas Copco', 'GA37', 'Compressor estacionário de ar comprimido', '50 HP'),
(23, 'Forno de Têmpera', 'Combustol', 'FT-1200', 'Forno elétrico para ferramentaria', '35 kW'),
(24, 'Exaustor de Ar Industrial', 'TecnoVent', 'EX-400', 'Sistema de exaustão e filtragem de pó', '12 kW'),
(25, 'Projetor de Perfil Óptico', 'Mitutoyo', 'PH-A14', 'Equipamento de medição para metrologia', '110V'),
(26, 'Ponte Rolante Suspensa', 'Vastec', 'PR-05TON', 'Equipamento de elevação de carga', '5 TON'),
(27, 'Retificadora Cilíndrica', 'Romi', 'RUL 400', 'Retífica industrial mecânica', '7.5 kW'),
(28, 'Dobradeira de Chapas', 'Newton', 'PPC 135', 'Dobradeira de chapas grossas de aço', '15 HP'),
(29, 'Braço Robotizado', 'KUKA', 'KR 16', 'Braço de solda robótica integrada', '8 kW'),
(30, 'Misturador de Fluidos', 'ProQuim', 'MQ-500', 'Misturador de fluidos industriais e solúvel', '3 HP'),
(31, 'Motor Elétrico Trifásico', 'WEG', 'W22 IR4 Super Premium', 'Alta eficiência energética, menor consumo, carcaça 132M, IP55, 2 polos', '10 cv'),
(32, 'Motor Elétrico Trifásico', 'WEG', 'W50 High Voltage', 'Motor para aplicações severas, carcaça reforçada, isolamento classe F, 6 polos', '400 cv'),
(33, 'Motor Elétrico Trifásico', 'WEG', 'HGF Alta Tensão', 'Ideal para indústrias de papel, celulose e mineração, IPW65, 4 polos', '1250 cv'),
(34, 'Motor Elétrico Monofásico', 'WEG', 'Nova MPlus', 'Motor comercial/residencial, alto torque de partida, regime contínuo, 2 polos', '2 cv'),
(35, 'Motor Elétrico Trifásico', 'WEG', 'W22 Magnet IR5', 'Motor síncrono com ímãs permanentes, máxima eficiência global', '30 cv'),
(36, 'Motor Redutor', 'WEG', 'WG20 Coaxial', 'Engrenagens helicoidais, alto rendimento mecânico, carcaça de alumínio', '5 cv'),
(37, 'Motor Redutor', 'WEG', 'WG20 Ortogonal', 'Redutor de eixos ortogonais, montagem universal, torque elevado', '7.5 cv'),
(38, 'Motor Redutor', 'WEG', 'WG20 Paralelo', 'Eixos paralelos plano, design compacto para espaços reduzidos', '3 cv'),
(39, 'Inversor de Frequência', 'WEG', 'CFW500', 'Controle vetorial microprocessado, interface modular, CLP incorporado', '11 kW'),
(40, 'Inversor de Frequência', 'WEG', 'CFW11', 'Alta performance para controle de velocidade e torque, tecnologia Optimal Flux', '45 kW'),
(41, 'Inversor de Frequência', 'WEG', 'CFW300', 'Compacto, ideal para máquinas de pequeno porte e aplicações OEM', '2.2 kW'),
(42, 'Soft-Starter', 'WEG', 'SSW07', 'Chave de partida suave com controle de duas fases, proteção integral do motor', '30 cv'),
(43, 'Soft-Starter', 'WEG', 'SSW900', 'Controle de torque completo, display gráfico, algoritmos inteligentes de partida', '150 cv'),
(44, 'Servomotor', 'WEG', 'SWA Series', 'Servomotor síncrono CA, alta dinâmica, feedback por resolver', '1.5 kW'),
(45, 'Motor para Atmosferas Explosivas', 'WEG', 'W22Xd À Prova de Explosão', 'Segurança máxima para ambientes de gases e vapores inflamáveis, Ex d IIB T4', '50 cv'),
(46, 'Motor para Atmosferas Explosivas', 'WEG', 'W22Xe Segurança Aumentada', 'Proteção Ex eb IIC T3, indicado para indústrias químicas e petroquímicas', '25 cv'),
(47, 'Motor Elétrico Trifásico', 'WEG', 'W12 Compact', 'Carcaça de alumínio ultraleve, flange integrada, ideal para bombas e ventiladores', '1.5 cv'),
(48, 'Motor síncrono de Alta Tensão', 'WEG', 'M Síncrono', 'Correção de fator de potência da planta, aplicação em compressores e moinhos', '2500 kW'),
(49, 'Gerador Síncrono', 'WEG', 'Linha AG10', 'Alternador para grupos geradores de energia, isolamento classe H, AVR integrado', '150 kVA'),
(50, 'Gerador Síncrono', 'WEG', 'Linha Turbo', 'Gerador de grande porte para turbinas a vapor ou hidráulicas', '15 MW'),
(51, 'Motor para Aplicação Naval', 'WEG', 'W22 Marine', 'Pintura marítima especial antifouling, parafusos inox, certificação ABS/DNV', '75 cv'),
(52, 'Motor de Alta Rotação', 'WEG', 'W22 Air Over', 'Resfriamento por fluxo de ar externo, aplicado em torres de resfriamento', '20 cv'),
(53, 'Motor de Anéis', 'WEG', 'MAW Linha Master', 'Rotor bobinado com reostato de partida, alto torque com baixa corrente de pico', '800 cv'),
(54, 'Motor de Frenagem Rápida', 'WEG', 'W22 Freio', 'Moto-freio com freio a disco monodisco, parada instantânea e segura', '5 cv'),
(55, 'Motor de Rolo', 'WEG', 'W22 Roller Table', 'Desenvolvido para mesas de rolos em siderúrgicas, suporta reversões rápidas', '15 cv'),
(56, 'Motor Monofásico Rural', 'WEG', 'W22 Open Drip Proof (ODP)', 'Proteção aberta contra gotejamento, ideal para bombas de irrigação agrícolas', '7.5 cv'),
(57, 'Motor Vertical de Alto Empuxo', 'WEG', 'W22 Vertical High Thrust', 'Mancais projetados para suportar cargas axiais elevadas, bombas verticais', '100 cv'),
(58, 'Motor de Ímã Permanente', 'WEG', 'W22 Magnet Drive', 'Operação exclusiva com inversor, torque constante em ampla faixa de rotação', '40 cv'),
(59, 'Turbina Hidráulica', 'WEG', 'Francis Hélice', 'Micro e mini central hidráulica (PCH) para geração distribuída', '500 kW'),
(60, 'Motor de Indução de Grande Porte', 'WEG', 'MGF Linha Master', 'Motor de carcaça modular customizada para exaustores de mineração', '1800 cv'),
(61, 'Motor para Alta Temperatura', 'WEG', 'W22 Smoke Extraction', 'Suporta operação a 400°C por até 2 horas em sistemas de exaustão de fumaça', '30 cv'),
(62, 'Motor CC (Corrente Contínua)', 'WEG', 'Linha MD', 'Totalmente compensado, excelente comutação para pontes rolantes e extrusoras', '120 kW'),
(63, 'Motor Elétrico Trifásico', 'WEG', 'W22 Washdown', 'Carcaça epóxi lisa antimicrobiana para indústria alimentícia e lavagens severas', '4 cv'),
(64, 'Inversor para Automação predial', 'WEG', 'CFW501 HVAC', 'Inversor dedicado para climatização, bombas, fancoils e compressores hospitalares', '15 kW'),
(65, 'Inversor de Média Tensão', 'WEG', 'MVW3000', 'Topologia NPC, multinível, controle preciso de motores de altíssima potência', '2200 kW'),
(66, 'Motor Monofásico de Partida por Capacitor', 'WEG', 'Jet Pump', 'Eixo roscado padrão NEMA 56J para acoplamento direto em motobombas', '1 cv'),
(67, 'Motor redutor de Coroa e Rosca Sem-Fim', 'WEG', 'Cestari C-Series', 'Eixos perpendiculares, travamento automático por fricção em descidas', '2 cv'),
(68, 'Motor para Trituradores', 'WEG', 'W22 Crusher Duty', 'Eixo em aço de altíssima resistência mecânica, suporta sobrecargas cíclicas', '250 cv'),
(69, 'Motor Síncrono de Ímãs', 'WEG', 'W22 Magnet Ultra', 'Eficiência IE5+, perdas reduzidas no rotor, excelente densidade de potência', '15 kW'),
(70, 'Motor Elétrico de Alta Eficiência', 'WEG', 'W22 IR3 Premium Custom', 'Motor customizado de indução para acoplamento direto em compressores de parafuso', '15 cv');

-- 5. MÁQUINAS / ATIVOS
INSERT INTO Maquinas (tag_equipamento, id_maquina, numero_serie, localizacao_maquina, tipo_manutencao_padrao, status_operacional, ultima_manutencao, id_setor) VALUES
('CNC-CU-01', 1, 'SN-CU001', 'Laboratório CNC', 'Preventiva', 'Operando', '2026-05-10', 1),
('CNC-TN-01', 2, 'SN-TN001', 'Laboratório CNC', 'Preventiva', 'Operando', '2026-06-01', 1),
('AJU-FR-01', 3, 'SN-FR01', 'Laboratório de Ajustagem', 'Preventiva', 'Em Manutenção', '2026-04-15', 2),
('AJU-FR-02', 4, 'SN-FR02', 'Laboratório de Ajustagem', 'Preventiva', 'Em Manutenção', '2026-04-18', 2),
('AJU-FR-03', 5, 'SN-FR03', 'Laboratório de Ajustagem', 'Preventiva', 'Parado', '2026-03-20', 2),
('AJU-FR-04', 6, 'SN-FR04', 'Laboratório de Ajustagem', 'Preventiva', 'Em Manutenção', '2026-02-12', 2),
('AJU-FR-05', 6, 'SN-FR05', 'Laboratório de Ajustagem', 'Preventiva', 'Em Manutenção', '2026-01-20', 2),
('AJU-FR-06', 7, 'SN-FR06', 'Laboratório de Ajustagem', 'Preventiva', 'Em Manutenção', '2026-05-02', 2),
('FER-FR-01', 8, 'SN-FER01', 'Laboratório de Ferramentaria', 'Preventiva', 'Operando', '2026-06-12', 3),
('FER-FR-02', 9, 'SN-FER02', 'Laboratório de Ferramentaria', 'Preventiva', 'Operando', '2026-06-14', 3),
('FER-FR-03', 6, 'SN-FER03', 'Laboratório de Ferramentaria', 'Preventiva', 'Operando', '2026-06-15', 3),
('FER-LX-01', 10, 'SN-LX01', 'Laboratório de Ferramentaria', 'Preventiva', 'Parado', '2026-05-18', 3),
('FER-ES-01', 11, 'SN-ES01', 'Laboratório de Ferramentaria', 'Preventiva', 'Operando', '2026-06-11', 3),
('CAL-ER-01', 12, 'SN-ER01', 'Caldeiraria', 'Preventiva', 'Operando', '2026-06-10', 4),
('CAL-MG-01', 13, 'SN-MG01', 'Caldeiraria', 'Preventiva', 'Operando', '2026-06-08', 4),
('CAL-JT-01', 14, 'SN-JT01', 'Caldeiraria', 'Preventiva', 'Parado', '2026-04-22', 4),
('CAL-FR-01', 15, 'SN-CALFR01', 'Caldeiraria', 'Preventiva', 'Operando', '2026-05-25', 4),
('CAL-PC-01', 16, 'SN-PC01', 'Caldeiraria', 'Preventiva', 'Operando', '2026-06-13', 4),
('MAN-JC-01', 17, 'SN-JC01', 'Laboratório de Manutenção II', 'Preventiva', 'Em Manutenção', '2026-03-01', 5),
('MAN-JC-02', 17, 'SN-JC02', 'Laboratório de Manutenção II', 'Preventiva', 'Em Manutenção', '2026-03-05', 5),
('MAN-GH-01', 18, 'SN-GH01', 'Laboratório de Manutenção II', 'Preventiva', 'Operando', '2026-06-02', 5),
('MAN-PR-01', 19, 'SN-PR01', 'Laboratório de Manutenção II', 'Preventiva', 'Operando', '2026-06-04', 5),
('MAN-ES-02', 11, 'SN-ES02', 'Laboratório de Manutenção II', 'Preventiva', 'Operando', '2026-06-11', 5),
('MAN-LV-01', 20, 'SN-LV01', 'Laboratório de Manutenção II', 'Preventiva', 'Parado', '2026-02-10', 5),
('MAN-PR-02', 21, 'SN-PR002', 'Laboratório de Manutenção II', 'Preventiva', 'Operando', '2026-05-20', 5),
('CNC-CP-01', 22, 'SN-CNC50', 'Laboratório CNC', 'Preditiva', 'Operando', '2026-06-15', 1),
('FER-FN-01', 23, 'SN-FER10', 'Laboratório de Ferramentaria', 'Preventiva', 'Parado', '2026-04-10', 3),
('CAL-EX-01', 24, 'SN-CAL80', 'Caldeiraria', 'Preventiva', 'Operando', '2026-06-18', 4),
('CNC-PP-01', 25, 'SN-CNC51', 'Laboratório CNC', 'Preditiva', 'Operando', '2026-06-22', 1),
('MAN-PT-01', 26, 'SN-MAN90', 'Laboratório de Manutenção II', 'Preventiva', 'Em Manutenção', '2026-03-12', 5),
('FER-RT-01', 27, 'SN-FER11', 'Laboratório de Ferramentaria', 'Preventiva', 'Operando', '2026-06-11', 3),
('CAL-DB-01', 28, 'SN-CAL81', 'Caldeiraria', 'Preventiva', 'Operando', '2026-05-30', 4),
('CNC-RB-01', 29, 'SN-CNC99', 'Laboratório CNC', 'Preventiva', 'Operando', '2026-06-02', 1),
('QMI-MS-01', 30, 'SN-QMI01', 'Química', 'Preventiva', 'Operando', '2026-06-10', 6),
('MQA-31', 31, 'WEG-SERIE-99031', 'Galpão A - Linha 1', 'Preventiva', 'Operando', '2026-01-15', 1),
('MQA-32', 32, 'WEG-SERIE-99032', 'Subestação Principal', 'Preditiva', 'Operando', '2025-12-10', 1),
('MQA-33', 33, 'WEG-SERIE-99033', 'Galpão A - Exaustor 2', 'Preventiva', 'Operando', '2026-03-01', 1),
('MQA-34', 34, 'WEG-SERIE-99034', 'Oficina Mecânica', 'Corretiva', 'Operando', '2026-05-14', 1),
('MQA-35', 35, 'WEG-SERIE-99035', 'Galpão B - Prensa 3', 'Preditiva', 'Operando', '2026-02-22', 1),
('MQA-36', 36, 'WEG-SERIE-99036', 'Esteira Transportadora A1', 'Preventiva', 'Em Manutenção', '2026-07-05', 1),
('MQA-37', 37, 'WEG-SERIE-99037', 'Galpão B - Elevador Carga', 'Preventiva', 'Operando', '2026-04-18', 1),
('MQA-38', 38, 'WEG-SERIE-99038', 'Linha de Montagem Rápida', 'Preventiva', 'Operando', '2026-03-11', 1),
('MQB-39', 39, 'WEG-SERIE-99039', 'Sala de Painéis 1', 'Preditiva', 'Operando', '2026-05-20', 2),
('MQB-40', 40, 'WEG-SERIE-99040', 'Sala de Painéis Central', 'Preditiva', 'Operando', '2026-06-01', 2),
('MQB-41', 41, 'WEG-SERIE-99041', 'Painel Auxiliar Galpão C', 'Corretiva', 'Parado', '2026-07-02', 2),
('MQB-42', 42, 'WEG-SERIE-99042', 'Casa de Bombas - Resfriamento', 'Preventiva', 'Operando', '2026-02-10', 2),
('MQB-43', 43, 'WEG-SERIE-99043', 'Sala de Comando Geral', 'Preditiva', 'Operando', '2026-01-30', 2),
('MQB-44', 44, 'WEG-SERIE-99044', 'Braço Robótico Linha 2', 'Preventiva', 'Operando', '2026-04-05', 2),
('MQB-45', 45, 'WEG-SERIE-99045', 'Área de Envase Inflamáveis', 'Preventiva', 'Operando', '2025-11-18', 2),
('MQB-46', 46, 'WEG-SERIE-99046', 'Depósito de Químicos', 'Preventiva', 'Operando', '2026-03-25', 2),
('MQC-47', 47, 'WEG-SERIE-99047', 'Galpão C - Sistema de Ventilação', 'Preventiva', 'Operando', '2026-05-02', 3),
('MQC-48', 48, 'WEG-SERIE-99048', 'Casa de Compressores - Principal', 'Preditiva', 'Operando', '2026-06-15', 3),
('MQC-49', 49, 'WEG-SERIE-99049', 'Sala do Gerador de Emergência', 'Preventiva', 'Operando', '2026-04-30', 3),
('MQC-50', 50, 'WEG-SERIE-99050', 'Usina de Co-geração Interna', 'Preditiva', 'Operando', '2025-12-05', 3),
('MQC-51', 51, 'WEG-SERIE-99051', 'Doca de Lavagem de Tanques', 'Preventiva', 'Em Manutenção', '2026-07-06', 3),
('MQC-52', 52, 'WEG-SERIE-99052', 'Torre de Resfriamento 1', 'Preventiva', 'Operando', '2026-03-14', 3),
('MQC-53', 53, 'WEG-SERIE-99053', 'Moinho de Matéria-Prima', 'Preditiva', 'Operando', '2026-01-20', 3),
('MQC-54', 54, 'WEG-SERIE-99054', 'Pátio de Carga - Guindaste', 'Preventiva', 'Operando', '2026-05-19', 3),
('MQD-55', 55, 'WEG-SERIE-99055', 'Siderurgia - Mesa de Rolos', 'Corretiva', 'Parado', '2026-07-01', 4),
('MQD-56', 56, 'WEG-SERIE-99056', 'Captação de Água Bruta', 'Preventiva', 'Operando', '2026-02-28', 4),
('MQD-57', 57, 'WEG-SERIE-99057', 'Estação de Tratamento de Efluentes', 'Preventiva', 'Operando', '2026-04-12', 4),
('MQD-58', 58, 'WEG-SERIE-99058', 'Galpão D - Misturador Contínuo', 'Preditiva', 'Operando', '2026-06-20', 4),
('MQD-59', 59, 'WEG-SERIE-99059', 'Pequena Central Hidrelétrica (PCH)', 'Preventiva', 'Operando', '2025-10-25', 4),
('MQD-60', 60, 'WEG-SERIE-99060', 'Exaustor de Pó de Mineração', 'Preditiva', 'Operando', '2026-03-08', 4),
('MQD-61', 61, 'WEG-SERIE-99061', 'Sistema de Rotas de Fuga', 'Preventiva', 'Operando', '2026-05-30', 4),
('MQD-62', 62, 'WEG-SERIE-99062', 'Extrusora de Plásticos Linha 4', 'Preventiva', 'Operando', '2026-04-22', 4),
('MQE-63', 63, 'WEG-SERIE-99063', 'Área de Alimentos - Embalagem', 'Preventiva', 'Operando', '2026-06-11', 5),
('MQE-64', 64, 'WEG-SERIE-99064', 'Chiller Central HVAC', 'Preventiva', 'Operando', '2026-05-05', 5),
('MQE-65', 65, 'WEG-SERIE-99065', 'Painel de Média Tensão Galpão E', 'Preditiva', 'Operando', '2026-02-15', 5),
('MQE-66', 66, 'WEG-SERIE-99066', 'Motobomba do Sistema de Incêndio', 'Preventiva', 'Operando', '2026-06-30', 5),
('MQE-67', 67, 'WEG-SERIE-99067', 'Setor de Carga - Elevador Helicoidal', 'Preventiva', 'Em Manutenção', '2026-07-04', 5),
('MQE-68', 68, 'WEG-SERIE-99068', 'Triturador de Sucata', 'Corretiva', 'Operando', '2026-04-17', 5),
('MQE-69', 69, 'WEG-SERIE-99069', 'Linha de Alta Precisão - Robótica', 'Preditiva', 'Operando', '2026-06-05', 5),
('MQE-70', 70, 'WEG-SERIE-99070', 'Compressor Parafuso B3', 'Preventiva', 'Operando', '2026-05-25', 5);

-- 6. ALMOXARIFADO - PEÇAS
INSERT INTO Almoxarifado_Pecas (id_peca, nome_peca, quantidade_estoque, unidade_medida, custo_unitario) VALUES
(1, 'Béquer', 102, 'Unidade', 15.50),
(2, 'Balão volumétrico', 77, 'Unidade', 45.00),
(3, 'Erlenmeyer', 59, 'Unidade', 22.30),
(4, 'Tubo conectante', 8, 'Unidade', 12.00),
(5, 'Funil de cerâmica', 10, 'Unidade', 35.00),
(6, 'Funil de vidro', 14, 'Unidade', 18.00),
(7, 'Funil de separação', 8, 'Unidade', 65.00),
(8, 'Pipeta', 60, 'Unidade', 9.50),
(9, 'Proveta', 49, 'Unidade', 28.00),
(10, 'Motor W22 Plus (carcaça 63)', 6, 'Unidade', 450.00),
(11, 'Motor W22 Premium (carcaça 71)', 3, 'Unidade', 620.00),
(12, 'Motor W22 Premium (carcaça 80)', 1, 'Unidade', 850.00),
(13, 'Motor W21 (carcaça Alú 90S/L)', 1, 'Unidade', 780.00),
(14, 'Motor W22 Premium Carcaça (250S/M)', 1, 'Unidade', 3200.00),
(15, 'Motor W22 Premium Carcaça (132S)', 1, 'Unidade', 1450.00),
(16, 'Tarugo de bronze', 5, 'Unidade', 120.00),
(17, 'Macho máquina', 13, 'Unidade', 45.00),
(18, 'Macho manual', 6, 'Unidade', 35.00),
(19, 'Rolamento SKF 6204-2Z', 50, 'Unidade', 34.20),
(20, 'Contator Tripolar 24V Siemens', 12, 'Unidade', 189.90),
(21, 'Inversor de Frequência WEG CFW500', 0, 'Unidade', 1450.00),
(22, 'Óleo Hidráulico ISO VG 68', 200, 'Litro', 18.50),
(23, 'Sensor Indutivo Balluff M12', 0, 'Unidade', 220.00),
(24, 'Gaxeta de Vedação Nitrílica', 35, 'Unidade', 8.90),
(25, 'Filtro de Ar Regulador Festo', 8, 'Unidade', 310.00),
(26, 'Placa Eletrônica Controladora CNC', 1, 'Unidade', 4200.00),
(27, 'Graxa de Alta Temperatura SKF', 15, 'Kg', 75.00),
(28, 'Válvula Solenoide Pneumática 5/2v', 0, 'Unidade', 195.00);

-- 7. ALMOXARIFADO - FERRAMENTAS
INSERT INTO Almoxarifado_Ferramentas (nome_ferramenta, status_ferramenta) VALUES
('Paquímetro Universal 150mm', 'Em Uso'),
('Paquímetro Digital 150mm', 'Disponível'),
('Paquímetro Quadrimensional 200mm', 'Solicitada'),
('Paquímetro Digital 200mm', 'Manutenção/Calibração'),
('Paquímetro de Profundidade 150mm', 'Disponível'),
('Paquímetro de Profundidade 300mm', 'Disponível'),
('Paquímetro Universal 300mm', 'Extraviada'),
('Paquímetro Digital 300mm', 'Disponível'),
('Paquímetro com Relógio 150mm', 'Disponível'),
('Paquímetro com Relógio 200mm', 'Disponível'),
('Paquímetro de Bico Longo 500mm', 'Em Uso'),
('Paquímetro de Carbono 1000mm', 'Disponível'),
('Paquímetro Analógico Heavy Duty', 'Disponível'),
('Paquímetro Digital IP67 à prova d''água', 'Disponível'),
('Paquímetro para Canais Internos', 'Solicitada'),
('Paquímetro para Canais Externos', 'Disponível'),
('Paquímetro de Compressão para Engrenagens', 'Disponível'),
('Paquímetro com Trava por Mola 150mm', 'Disponível'),
('Paquímetro de Plástico para Baixa Precisão', 'Disponível'),
('Paquímetro Digital de Alta Precisão Mitutoyo', 'Manutenção/Calibração'),
('Fita métrica 50m Fibra de Vidro Laranja', 'Disponível'),
('Fita métrica 50m Fibra de Vidro Amarela', 'Disponível'),
('Fita métrica 50m Aço Inoxidável', 'Em Uso'),
('Fita métrica 50m Emborrachada Antivandalo', 'Disponível'),
('Fita métrica 50m Caixa Fechada', 'Solicitada'),
('Fita métrica 50m Caixa Aberta Pro', 'Disponível'),
('Fita métrica 50m Starrett', 'Disponível'),
('Fita métrica 50m Lufkin', 'Manutenção/Calibração'),
('Fita métrica 50m Stanley', 'Disponível'),
('Fita métrica 50m Vonder', 'Disponível'),
('Fita métrica 50m com Manivela Retrátil', 'Disponível'),
('Fita métrica 50m Especial Topografia', 'Disponível'),
('Fita métrica 50m Graduação Milimetrada', 'Em Uso'),
('Fita métrica 50m Graduação em Polegadas', 'Disponível'),
('Fita métrica 50m Alta Resistência Térmica', 'Disponível'),
('Fita métrica 50m Revestida em Nylon', 'Disponível'),
('Fita métrica 50m Flexível Alta Precisão', 'Disponível'),
('Fita métrica 50m com Gancho Tipo Garra', 'Solicitada'),
('Fita métrica 50m com Trava Rápida', 'Disponível'),
('Fita métrica 50m Corpo em ABS', 'Disponível'),
('Micrômetro Externo 0-25mm', 'Disponível'),
('Micrômetro Externo 25-50mm', 'Disponível'),
('Micrômetro Externo 50-75mm', 'Em Uso'),
('Micrômetro Externo 75-100mm', 'Disponível'),
('Micrômetro Digital Externo 0-25mm', 'Disponível'),
('Micrômetro Digital Externo 25-50mm', 'Manutenção/Calibração'),
('Micrômetro de Profundidade 0-100mm', 'Disponível'),
('Micrômetro Interno de 3 Contatos 12-16mm', 'Solicitada'),
('Micrômetro Interno de 3 Contatos 16-20mm', 'Disponível'),
('Micrômetro Interno Tubular 50-250mm', 'Disponível'),
('Micrômetro para Engrenagens 0-25mm', 'Disponível'),
('Micrômetro de Disco para Espessuras', 'Disponível'),
('Micrômetro com Faces de Metal Duro', 'Em Uso'),
('Micrômetro Conta-Fios', 'Disponível'),
('Micrômetro de Pontas para Sulcos', 'Disponível'),
('Micrômetro Digital IP65 Mitutoyo', 'Disponível'),
('Micrômetro de Tubos 0-25mm', 'Disponível'),
('Micrômetro com Relógio Comparador', 'Solicitada'),
('Micrômetro Externo Esférico', 'Disponível'),
('Micrômetro de Lâminas para Entalhes', 'Disponível'),
('Nível de precisão Linear 150mm', 'Solicitada'),
('Nível de precisão Linear 200mm', 'Disponível'),
('Nível de precisão Linear 300mm', 'Disponível'),
('Nível de precisão Prismático 150mm', 'Disponível'),
('Nível de precisão Prismático 200mm', 'Em Uso'),
('Nível de precisão Quadrado 150x150mm', 'Disponível'),
('Nível de precisão Quadrado 200x200mm', 'Manutenção/Calibração'),
('Nível de precisão Digital Eletrônico', 'Disponível'),
('Nível de precisão Magnético 200mm', 'Disponível'),
('Nível de precisão Inclinômetro Digital', 'Disponível');

-- 8. MATRIZ DE RISCOS (EPI)
INSERT INTO Matriz_Riscos_EPI (id_risco, risco_nr01, epis_obrigatorios) VALUES
(1, 'Mecânico / Projeção de Partículas', 'Óculos de proteção, Protetor auricular, Bota de segurança'),
(2, 'Químico / Manuseio de Produtos', 'Luvas nitrílicas, Óculos ampla visão, Avental impermeável'),
(3, 'Ergonômico / Movimentação de Carga', 'Cinta ergonômica, Sapato de segurança com biqueira'),
(4, 'Físico / Ruído e Vibração', 'Abafador de ruído tipo concha, Luvas antivibração'),
(5, 'Elétrico / Alta Tensão e Choque', 'Luvas isolantes de borracha, Sapato de segurança sem componentes metálicos, Protetor facial contra arco elétrico'),
(6, 'Térmico / Altas Temperatures', 'Luva de raspa de couro, Avental de raspa, Perneira de raspa'),
(7, 'Radiação Não Ionizante / Soldagem', 'Máscara de solda com filtro de escurecimento automático, Blusão de raspa, Luva de vaqueta para soldador'),
(8, 'Trabalho em Altura / Pontes mecânicas', 'Cinto de segurança tipo paraquedista, Talabarte duplo, Capacete com jugular'),
(9, 'Espaço Confinado / Tanques e Fornos', 'Exaustor de ar portátil, Detector de gases portátil, Tripé de resgate'),
(10, 'Corte e Desbaste / Policorte e Esmeril', 'Protetor facial incolor (Face Shield), Avental de raspa, Luva de raspa'),
(11, 'Laser Industrial / Alinhamento Óptico', 'Óculos de proteção contra radiação laser específica'),
(12, 'Riscos Biológicos / Troca de Solúvel', 'Máscara respiratória PFF2, Luvas de cano longo de PVC, Avental químico'),
(13, 'Manuseio de Vidrarias / Lab Química', 'Óculos de proteção policarbonato, Luvas de malha de kevlar anticorte'),
(14, 'Atmosferas Inflamáveis / Vapores', 'Vestimenta antiestática, Calçado condutivo, Lanterna intrinsecamente segura'),
(15, 'Queda de Objetos / Cargas Suspensas', 'Capacete de proteção industrial, Bota com biqueira de aço composto'),
(16, 'Poeiras Metálicas / Jateamento', 'Máscara facial inteira com filtro contra poeiras industriais'),
(17, 'Alta Pressão / Circuitos Hidráulicos', 'Óculos de segurança ampla visão impacto, Barreira física, Protetor auricular concha');

-- 9. ORDENS DE SERVIÇO (id_tecnico_responsavel mapeado corretamente)
INSERT INTO Ordens_Servico (id_os, tag_equipamento, descricao_falha, data_abertura, hh_inicio, hh_fim, status_os, id_tecnico_responsavel) VALUES
(1001, 'AJU-FR-03', 'Desnivelamento da mesa, mandril solto e folga no eixo do mandril.', '2026-06-15', '08:00:00', NULL, 'Em andamento', 12), 
(1003, 'MAN-LV-01', 'A estrutura da grade possui um furo na solda, não sai fluido e máquina não liga.', '2026-06-17', '13:00:00', '17:00:00', 'Concluído', 51),
(1004, 'FER-LX-01', 'Lixadeira está com desalinhamento nas polias.', '2026-06-18', '07:45:00', NULL, 'Aberto', 22),   
(1005, 'CAL-JT-01', 'Quebra do fecho do engate rápido.', '2026-06-19', '10:00:00', '11:30:00', 'Concluído', 32),
(1006, 'CNC-CU-01', 'Ruído excessivo no fuso (spindle) em altas rotações.', '2026-06-20', '08:00:00', '12:00:00', 'Concluído', 2), 
(1007, 'AJU-FR-01', 'Motor superaquecendo após 15 minutes de uso contínuo.', '2026-06-20', '14:00:00', NULL, 'Em andamento', 13), 
(1008, 'CAL-MG-01', 'Alimentador de arame travando intermitentemente durante a soldagem.', '2026-06-21', '09:00:00', '11:15:00', 'Concluído', 33), 
(1009, 'MAN-GH-01', 'Gatilho de alívio da pressão hidráulica travado.', '2026-06-22', '10:30:00', NULL, 'Aberto', 45), 
(1010, 'AJU-FR-04', 'Chave liga/desliga com mau contato elétrico.', '2026-06-22', '15:45:00', NULL, 'Aberto', 14),    
(1011, 'CNC-TN-01', 'Vazamento de fluido refrigerante na base da máquina.', '2026-06-23', '08:30:00', '10:45:00', 'Concluído', 3),  
(1012, 'AJU-FR-02', 'Substituição preventiva do rolamento do eixo principal.', '2026-06-24', '07:30:00', '11:30:00', 'Concluído', 15), 
(1013, 'CNC-CU-01', 'Inversor de frequência queimado por pico elétrico na rede.', '2026-06-24', '08:00:00', '16:30:00', 'Concluído', 2),
(1014, 'CAL-JT-01', 'Trinca estrutural detectada na base de fixação traseira.', '2026-06-25', '07:30:00', NULL, 'Em andamento', 56), 
(1015, 'FER-ES-01', 'Inspeção semestral periódica dos rebolos de desbaste.', '2026-06-25', '00:00:00', NULL, 'Aberto', 22),
(1016, 'MAN-PR-01', 'Vazamento crônico no cilindro de prensa principal.', '2026-06-25', '13:00:00', '17:45:00', 'Concluído', 46), 
(1017, 'CNC-TN-01', 'Lubrificação das guias mecânicas e nível do barramento.', '2026-06-26', '09:00:00', '10:15:00', 'Concluído', 3),  
(1018, 'MAN-PR-02', 'Martelo da prensa mecânica pesada travou no ponto morto inferior.', '2026-06-26', '06:15:00', '14:20:00', 'Concluído', 59), 
(1019, 'CNC-CP-01', 'Falha no pressostato mecânico de corte do compressor.', '2026-06-26', '10:00:00', NULL, 'Em andamento', 60), 
(1020, 'FER-FN-01', 'Resistência cerâmica interna queimada do forno de têmpera.', '2026-06-26', '11:30:00', NULL, 'Em andamento', 58), 
(1021, 'CAL-EX-01', 'Verificação e teste do aterramento de carcaça do motor de exaustão.', '2026-06-26', '14:00:00', '15:30:00', 'Concluído', 56), 
(1022, 'MAN-PT-01', 'Leitura preditiva e análise de vibração no mancal da ponte rolante.', '2026-06-26', '15:00:00', NULL, 'Em andamento', 55);

-- 10. OS - MATERIAIS
INSERT INTO OS_Materiais (id_os, id_peca, quantidade_utilizada) VALUES
(1001, 16, 1), 
(1003, 17, 1),
(1006, 10, 1), 
(1007, 11, 1), 
(1008, 17, 2),
(1011, 4, 3),  
(1012, 16, 1),
(1013, 21, 1), 
(1016, 22, 40),
(1016, 24, 2), 
(1017, 22, 5),  
(1018, 19, 2), 
(1018, 16, 1), 
(1019, 23, 1), 
(1020, 20, 1), 
(1021, 22, 1), 
(1022, 27, 1); 

-- 11. OS - FERRAMENTAS
INSERT INTO OS_Ferramentas (id_os, id_ferramenta) VALUES
(1001, 1),   
(1001, 12), 
(1003, 25), 
(1003, 9),
(1006, 3), 
(1006, 7), 
(1007, 21), 
(1008, 32), 
(1009, 25), 
(1011, 28), 
(1012, 1), 
(1012, 12),
(1013, 33), 
(1013, 21), 
(1014, 25), 
(1016, 12), 
(1016, 35), 
(1018, 37), 
(1018, 1),  
(1019, 33), 
(1020, 34), 
(1022, 39); 

-- 12. OS - SEGURANÇA
INSERT INTO OS_Seguranca (id_os, id_risco) VALUES
(1001, 1), 
(1001, 3), 
(1003, 2), 
(1004, 4),
(1006, 1), 
(1007, 5),
(1008, 7), 
(1009, 3), 
(1010, 5),
(1011, 2),
(1012, 1),
(1013, 5),  
(1014, 7),  
(1015, 4),  
(1016, 3),  
(1018, 10), 
(1019, 5),  
(1020, 6),  
(1021, 5),  
(1022, 4),  
(1001, 3);  

-- 13. MOVIMENTAÇÃO DE FERRAMENTAS
INSERT INTO Movimentacao_Ferramentas (
    id_ferramenta, id_os, id_tecnico_solicitante, id_almoxarife_entregador, data_retirada, data_devolucao_prevista, data_devolucao_real, status_movimentacao, observacoes
) VALUES
(1, 1001, 12, 55, '2026-06-15 08:05:00', '2026-06-15 17:00:00', NULL, 'Em Uso', 'Retirado por Fabio Santos para medição da folga do eixo do mandril.'),
(12, 1001, 12, 55, '2026-06-15 09:15:00', '2026-06-15 12:00:00', '2026-06-15 11:50:00', 'Devolvido', 'Utilizado na checagem do desnivelamento da mesa de ajustagem.'),
(25, 1003, 46, 55, '2026-06-16 09:40:00', '2026-06-16 16:00:00', NULL, 'Em Uso', 'Retirada para remoção da carenagem da bomba hidráulica.'),
(9, 1003, 51, 55, '2026-06-17 13:10:00', '2026-06-17 16:30:00', '2026-06-17 16:15:00', 'Devolvido', 'Utilizado para recuperar a rosca do furo da grade de fluidos.'),
(4, 1004, 22, NULL, NULL, '2026-06-26 08:00:00', NULL, 'Solicitado', 'Reserva programada no PCP para o alinhamento preventivo das polias.'),
(21, 1005, 32, 55, '2026-06-19 10:05:00', '2026-06-19 11:30:00', '2026-06-19 11:25:00', 'Devolvido', 'Troca rápida do fecho danificado da granalha concluída.'),
(3, 1006, 2, 55, '2026-06-20 08:15:00', '2026-06-20 11:30:00', '2026-06-20 11:45:00', 'Devolvido', 'Medição de excentricidade do fuso realizada com sucesso.'),
(6, 1007, 13, 55, '2026-06-20 14:10:00', '2026-06-20 17:00:00', NULL, 'Atrasado', 'O prazo de devolução expirou. Alerta emitido para o Laboratório de Ajustagem.'),
(32, 1008, 33, 55, '2026-06-21 09:10:00', '2026-06-21 11:15:00', '2026-06-21 11:00:00', 'Devolvido', 'Fixação temporária do guia de arame para soldagem em bancada.'),
(27, 1011, 3, 55, '2026-06-23 08:35:00', '2026-06-23 10:30:00', '2026-06-23 10:20:00', 'Devolvido', 'Abertura das calhas de proteção de fluido refrigerante.'),
(33, 1013, 2, 55, '2026-06-24 08:10:00', '2026-06-24 12:00:00', '2026-06-24 11:40:00', 'Devolvido', 'Multímetro retirado por Marcos Souza para teste de queima do inversor.'),
(25, 1014, 56, 55, '2026-06-25 07:45:00', '2026-06-26 17:00:00', NULL, 'Em Uso', 'Chave Grifo pesada em uso na base estrutural da caldeiraria.'),
(12, 1016, 46, 61, '2026-06-25 13:15:00', '2026-06-25 17:00:00', NULL, 'Atrasado', 'Calibrador de folga esquecido em campo pelo técnico Caio Cesar.'),
(35, 1016, 46, 61, '2026-06-25 13:20:00', '2026-06-25 16:30:00', '2026-06-25 16:15:00', 'Devolvido', 'Torquímetro devolvido limpo e calibrado.'),
(37, 1018, 59, 55, '2026-06-26 06:30:00', '2026-06-26 11:00:00', '2026-06-26 10:45:00', 'Devolvido', 'Extrator de garras usado para destravar o martelo da prensa.'),
(1, 1018, 59, 55, '2026-06-26 07:00:00', '2026-06-26 12:00:00', '2026-06-26 13:10:00', 'Devolvido', 'Paquímetro retornado com leve atraso por conta do ajuste fino.'),
(33, 1019, 60, 61, '2026-06-26 10:15:00', '2026-06-26 14:00:00', NULL, 'Em Uso', 'Multímetro alocado na bancada de eletrônica para testes lógicos.'),
(34, 1020, 58, 55, '2026-06-26 11:45:00', '2026-06-26 16:00:00', NULL, 'Em Uso', 'Megômetro retirado para teste de isolamento das resistências elétricas.'),
(39, 1022, 55, 61, '2026-06-26 15:10:00', '2026-06-26 17:30:00', NULL, 'Em Uso', 'Caneta de vibração acionada para rotina preditiva programada.'),
(3, 1013, 2, 55, '2026-06-24 14:00:00', '2026-06-24 16:00:00', '2026-06-24 15:50:00', 'Devolvido', 'Micrômetro usado para conferir o diâmetro do acoplamento do motor.');
